Workbook

Sheet Output values
A1: DATE | B1: Excess GDP | C1: Labor Tightness | D1: Labor SR | E1: Labor Sigmoid | F1: INFL SR | G1: Real Yield | H1: Com Tightness | I1: Com SR
A2: 23559 | B2: ='Excess GDP growth Trend'!F200 -> 0.56666667 | C2: ='Labor Market'!H200 -> 0.43333333 | D2: ='Labor Market'!G200 -> 0.3 | E2: 0.24910941 | F2: =Inflation!L213 -> -0.0047249949 | G2: =Inflation!S212 -> 0.029200452 | H2: =Commodity!F68 -> -0.11798429 | I2: =Commodity!G68 -> -0.033087143
A3: 23590 | B3: ='Excess GDP growth Trend'!F201 -> 0.43333333 | C3: ='Labor Market'!H201 -> 0.46666667 | D3: ='Labor Market'!G201 -> 0.23333333 | E3: 0.21839645 | F3: =Inflation!L214 -> -0.0037268863 | G3: =Inflation!S213 -> 0.0308306 | H3: =Commodity!F69 -> -0.11905143 | I3: =Commodity!G69 -> -0.0273
A4: 23621 | B4: ='Excess GDP growth Trend'!F202 -> 0.43333333 | C4: ='Labor Market'!H202 -> 0.4 | D4: ='Labor Market'!G202 -> 0.2 | E4: 0.2407874 | F4: =Inflation!L215 -> -0.001903472 | G4: =Inflation!S214 -> 0.031186246 | H4: =Commodity!F70 -> -0.11239 | I4: =Commodity!G70 -> -0.014991429
A5: 23651 | B5: ='Excess GDP growth Trend'!F203 -> 0.33333333 | C5: ='Labor Market'!H203 -> 0.33333333 | D5: ='Labor Market'!G203 -> 0 | E5: 0.18379121 | F5: =Inflation!L216 -> 0.0013287924 | G5: =Inflation!S215 -> 0.031103924 | H5: =Commodity!F71 -> -0.11086 | I5: =Commodity!G71 -> -0.010124286
A6: 23682 | B6: ='Excess GDP growth Trend'!F204 -> 0.5 | C6: ='Labor Market'!H204 -> 0.4 | D6: ='Labor Market'!G204 -> 0.033333333 | E6: 0.2407874 | F6: =Inflation!L217 -> 0.00058964751 | G6: =Inflation!S216 -> 0.029101808 | H6: =Commodity!F72 -> -0.10836857 | I6: =Commodity!G72 -> -0.0056271429
A7: 23712 | B7: ='Excess GDP growth Trend'!F205 -> 0.53333333 | C7: ='Labor Market'!H205 -> 0.43333333 | D7: ='Labor Market'!G205 -> 0.033333333 | E7: 0.24910941 | F7: =Inflation!L218 -> 0.0013541392 | G7: =Inflation!S217 -> 0.030396598 | H7: =Commodity!F73 -> -0.10132143 | I7: =Commodity!G73 -> 0.013605714
A8: 23743 | B8: ='Excess GDP growth Trend'!F206 -> 0.63333333 | C8: ='Labor Market'!H206 -> 0.5 | D8: ='Labor Market'!G206 -> 0.16666667 | E8: 0.26427847 | F8: =Inflation!L219 -> 0.00075717284 | G8: =Inflation!S218 -> 0.029749785 | H8: =Commodity!F74 -> -0.087597143 | I8: =Commodity!G74 -> 0.030387143
A9: 23774 | B9: ='Excess GDP growth Trend'!F207 -> 0.43333333 | C9: ='Labor Market'!H207 -> 0.4 | D9: ='Labor Market'!G207 -> 0 | E9: 0.1407874 | F9: =Inflation!L220 -> 0.0025086509 | G9: =Inflation!S219 -> 0.028944635 | H9: =Commodity!F75 -> -0.082105714 | I9: =Commodity!G75 -> 0.036945714
A10: 23802 | B10: ='Excess GDP growth Trend'!F208 -> 0.5 | C10: ='Labor Market'!H208 -> 0.5 | D10: ='Labor Market'!G208 -> 0.066666667 | E10: 0.21393971 | F10: =Inflation!L221 -> 0.0035178775 | G10: =Inflation!S220 -> 0.028187947 | H10: =Commodity!F76 -> -0.077582857 | I10: =Commodity!G76 -> 0.034807143
A11: 23833 | B11: ='Excess GDP growth Trend'!F209 -> 0.43333333 | C11: ='Labor Market'!H209 -> 0.53333333 | D11: ='Labor Market'!G209 -> 0.033333333 | E11: 0.18486989 | F11: =Inflation!L222 -> 0.0029108692 | G11: =Inflation!S221 -> 0.026331907 | H11: =Commodity!F77 -> -0.075132857 | I11: =Commodity!G77 -> 0.035727143
A12: 23863 | B12: ='Excess GDP growth Trend'!F210 -> 0.5 | C12: ='Labor Market'!H210 -> 0.7 | D12: ='Labor Market'!G210 -> 0.3 | E12: 0.18802693 | F12: =Inflation!L223 -> 0.0024849909 | G12: =Inflation!S222 -> 0.026033766 | H12: =Commodity!F78 -> -0.066741429 | I12: =Commodity!G78 -> 0.041627143
A13: 23894 | B13: ='Excess GDP growth Trend'!F211 -> 0.43333333 | C13: ='Labor Market'!H211 -> 0.73333333 | D13: ='Labor Market'!G211 -> 0.23333333 | E13: 0.17304729 | F13: =Inflation!L224 -> -1.7372093e-05 | G13: =Inflation!S223 -> 0.025702956 | H13: =Commodity!F79 -> -0.054305714 | I13: =Commodity!G79 -> 0.047015714
... A743: 46113 | B743: ='Excess GDP growth Trend'!F941 -> -0.033333333 | C743: ='Labor Market'!H941 -> -0.23333333 | D743: ='Labor Market'!G941 -> 0.066666667 | E743: 0.0061841931 | F743: =Inflation!L954 -> 0 | G743: =Inflation!S953 -> 0.012235366 | H743: =Commodity!F809 -> -0.036382857 | I743: =Commodity!G809 -> 0.090114286

Sheet Excess GDP growth Trend
A1: observation_date | B1: UNRATE | C1: UNRATE 3m av | E1: Y diff
A2: 17533 | B2: 3.4
A3: 17564 | B3: 3.8
A4: 17593 | B4: 4 | C4: =AVERAGE(B2:B4) -> 3.7333333
A5: 17624 | B5: 3.9 | C5: =AVERAGE(B3:B5) -> 3.9
A6: 17654 | B6: 3.5 | C6: =AVERAGE(B4:B6) -> 3.8
A7: 17685 | B7: 3.6 | C7: =AVERAGE(B5:B7) -> 3.6666667
A8: 17715 | B8: 3.6 | C8: =AVERAGE(B6:B8) -> 3.5666667
A9: 17746 | B9: 3.9 | C9: =AVERAGE(B7:B9) -> 3.7
A10: 17777 | B10: 3.8 | C10: =AVERAGE(B8:B10) -> 3.7666667
A11: 17807 | B11: 3.7 | C11: =AVERAGE(B9:B11) -> 3.8
A12: 17838 | B12: 3.8 | C12: =AVERAGE(B10:B12) -> 3.7666667
A13: 17868 | B13: 4 | C13: =AVERAGE(B11:B13) -> 3.8333333
A14: 17899 | B14: 4.3 | C14: =AVERAGE(B12:B14) -> 4.0333333
A15: 17930 | B15: 4.7 | C15: =AVERAGE(B13:B15) -> 4.3333333
A16: 17958 | B16: 5 | C16: =AVERAGE(B14:B16) -> 4.6666667 | E16: =C4-C16 -> -0.93333333
A17: 17989 | B17: 5.3 | C17: =AVERAGE(B15:B17) -> 5 | E17: =C5-C17 -> -1.1
A18: 18019 | B18: 6.1 | C18: =AVERAGE(B16:B18) -> 5.4666667 | E18: =C6-C18 -> -1.6666667
A19: 18050 | B19: 6.2 | C19: =AVERAGE(B17:B19) -> 5.8666667 | E19: =C7-C19 -> -2.2
A20: 18080 | B20: 6.7 | C20: =AVERAGE(B18:B20) -> 6.3333333 | E20: =C8-C20 -> -2.7666667
A21: 18111 | B21: 6.8 | C21: =AVERAGE(B19:B21) -> 6.5666667 | E21: =C9-C21 -> -2.8666667
A22: 18142 | B22: 6.6 | C22: =AVERAGE(B20:B22) -> 6.7 | E22: =C10-C22 -> -2.9333333
A23: 18172 | B23: 7.9 | C23: =AVERAGE(B21:B23) -> 7.1 | E23: =C11-C23 -> -3.3
A24: 18203 | B24: 6.4 | C24: =AVERAGE(B22:B24) -> 6.9666667 | E24: =C12-C24 -> -3.2
A25: 18233 | B25: 6.6 | C25: =AVERAGE(B23:B25) -> 6.9666667 | E25: =C13-C25 -> -3.1333333
A26: 18264 | B26: 6.5 | C26: =AVERAGE(B24:B26) -> 6.5 | E26: =C14-C26 -> -2.4666667
A27: 18295 | B27: 6.4 | C27: =AVERAGE(B25:B27) -> 6.5 | E27: =C15-C27 -> -2.1666667
... A75: 19756 | B75: 5.2 | C75: =AVERAGE(B73:B75) -> 4.8666667 | E75: =C63-C75 -> -2.1333333
A76: 19784 | B76: 5.7 | C76: =AVERAGE(B74:B76) -> 5.2666667 | E76: =C64-C76 -> -2.5666667 | F76: =E76-MEDIAN(E16:E76) -> -2.9
A77: 19815 | B77: 5.9 | C77: =AVERAGE(B75:B77) -> 5.6 | E77: =C65-C77 -> -2.9666667 | F77: =E77-MEDIAN(E17:E77) -> -3.3
A78: 19845 | B78: 5.9 | C78: =AVERAGE(B76:B78) -> 5.8333333 | E78: =C66-C78 -> -3.2333333 | F78: =E78-MEDIAN(E18:E78) -> -3.5666667
A79: 19876 | B79: 5.6 | C79: =AVERAGE(B77:B79) -> 5.8 | E79: =C67-C79 -> -3.2333333 | F79: =E79-MEDIAN(E19:E79) -> -3.5666667
A80: 19906 | B80: 5.8 | C80: =AVERAGE(B78:B80) -> 5.7666667 | E80: =C68-C80 -> -3.2333333 | F80: =E80-MEDIAN(E20:E80) -> -3.5666667
A81: 19937 | B81: 6 | C81: =AVERAGE(B79:B81) -> 5.8 | E81: =C69-C81 -> -3.2 | F81: =E81-MEDIAN(E21:E81) -> -3.5333333
A82: 19968 | B82: 6.1 | C82: =AVERAGE(B80:B82) -> 5.9666667 | E82: =C70-C82 -> -3.2333333 | F82: =E82-MEDIAN(E22:E82) -> -3.5666667
A83: 19998 | B83: 5.7 | C83: =AVERAGE(B81:B83) -> 5.9333333 | E83: =C71-C83 -> -3.0333333 | F83: =E83-MEDIAN(E23:E83) -> -3.3666667
A84: 20029 | B84: 5.3 | C84: =AVERAGE(B82:B84) -> 5.7 | E84: =C72-C84 -> -2.5333333 | F84: =E84-MEDIAN(E24:E84) -> -2.8666667
A85: 20059 | B85: 5 | C85: =AVERAGE(B83:B85) -> 5.3333333 | E85: =C73-C85 -> -1.6333333 | F85: =E85-MEDIAN(E25:E85) -> -1.9666667
A86: 20090 | B86: 4.9 | C86: =AVERAGE(B84:B86) -> 5.0666667 | E86: =C74-C86 -> -0.76666667 | F86: =E86-MEDIAN(E26:E86) -> -1.1
A87: 20121 | B87: 4.7 | C87: =AVERAGE(B85:B87) -> 4.8666667 | E87: =C75-C87 -> 0 | F87: =E87-MEDIAN(E27:E87) -> -0.33333333
... A934: 45901 | B934: 4.4 | C934: =AVERAGE(B932:B934) -> 4.3333333 | E934: =C922-C934 -> -0.16666667 | F934: =E934-MEDIAN(E874:E934) -> -0.066666667
A935: 45931 | C935: =AVERAGE(B933:B935) -> 4.35 | E935: =C923-C935 -> -0.21666667 | F935: =E935-MEDIAN(E875:E935) -> -0.11666667
A936: 45962 | B936: 4.5 | C936: =AVERAGE(B934:B936) -> 4.45 | E936: =C924-C936 -> -0.31666667 | F936: =E936-MEDIAN(E876:E936) -> -0.21666667
A937: 45992 | B937: 4.4 | C937: =AVERAGE(B935:B937) -> 4.45 | E937: =C925-C937 -> -0.31666667 | F937: =E937-MEDIAN(E877:E937) -> -0.21666667
A938: 46023 | B938: 4.3 | C938: =AVERAGE(B936:B938) -> 4.4 | E938: =C926-C938 -> -0.3 | F938: =E938-MEDIAN(E878:E938) -> -0.2
A939: 46054 | B939: 4.4 | C939: =AVERAGE(B937:B939) -> 4.3666667 | E939: =C927-C939 -> -0.26666667 | F939: =E939-MEDIAN(E879:E939) -> -0.16666667
A940: 46082 | B940: 4.3 | C940: =AVERAGE(B938:B940) -> 4.3333333 | E940: =C928-C940 -> -0.2 | F940: =E940-MEDIAN(E880:E940) -> -0.1
A941: 46113 | B941: 4.3 | C941: =AVERAGE(B939:B941) -> 4.3333333 | E941: =C929-C941 -> -0.13333333 | F941: =E941-MEDIAN(E881:E941) -> -0.033333333

Sheet Labor Market
A1: observation_date | B1: UNRATE | C1: UNRATE 3m av | D1: 10 year med | E1: avg med/mean | F1: SR alternative | G1: SR | H1: Tightenss | I1: Delta Tightness | K1: Bottom Sigmoid | L1: Top sigmoid | M1: Neg change | N1: Pos change | Q1: 2 year max dist | R1: 2 year min dist | S1: change pos | T1: change neg
A2: 17533 | B2: 3.4 | K2: 1
A3: 17564 | B3: 3.8
A4: 17593 | B4: 4 | C4: =AVERAGE(B2:B4) -> 3.7333333
A5: 17624 | B5: 3.9 | C5: =AVERAGE(B3:B5) -> 3.9
A6: 17654 | B6: 3.5 | C6: =AVERAGE(B4:B6) -> 3.8
A7: 17685 | B7: 3.6 | C7: =AVERAGE(B5:B7) -> 3.6666667 | E7: =AVERAGE(F7:G7) -> 0.13333333 | F7: =MEDIAN(B2:B4)-MEDIAN(B5:B7) -> 0.2 | G7: =C4-C7 -> 0.066666667
A8: 17715 | B8: 3.6 | C8: =AVERAGE(B6:B8) -> 3.5666667 | E8: =AVERAGE(F8:G8) -> 0.31666667 | F8: =MEDIAN(B3:B5)-MEDIAN(B6:B8) -> 0.3 | G8: =C5-C8 -> 0.33333333
A9: 17746 | B9: 3.9 | C9: =AVERAGE(B7:B9) -> 3.7 | E9: =AVERAGE(F9:G9) -> 0.2 | F9: =MEDIAN(B4:B6)-MEDIAN(B7:B9) -> 0.3 | G9: =C6-C9 -> 0.1
A10: 17777 | B10: 3.8 | C10: =AVERAGE(B8:B10) -> 3.7666667 | E10: =AVERAGE(F10:G10) -> -0.15 | F10: =MEDIAN(B5:B7)-MEDIAN(B8:B10) -> -0.2 | G10: =C7-C10 -> -0.1
A11: 17807 | B11: 3.7 | C11: =AVERAGE(B9:B11) -> 3.8 | E11: =AVERAGE(F11:G11) -> -0.21666667 | F11: =MEDIAN(B6:B8)-MEDIAN(B9:B11) -> -0.2 | G11: =C8-C11 -> -0.23333333
A12: 17838 | B12: 3.8 | C12: =AVERAGE(B10:B12) -> 3.7666667 | E12: =AVERAGE(F12:G12) -> -0.13333333 | F12: =MEDIAN(B7:B9)-MEDIAN(B10:B12) -> -0.2 | G12: =C9-C12 -> -0.066666667
A13: 17868 | B13: 4 | C13: =AVERAGE(B11:B13) -> 3.8333333 | E13: =AVERAGE(F13:G13) -> -0.033333333 | F13: =MEDIAN(B8:B10)-MEDIAN(B11:B13) -> 0 | G13: =C10-C13 -> -0.066666667
A14: 17899 | B14: 4.3 | C14: =AVERAGE(B12:B14) -> 4.0333333 | E14: =AVERAGE(F14:G14) -> -0.21666667 | F14: =MEDIAN(B9:B11)-MEDIAN(B12:B14) -> -0.2 | G14: =C11-C14 -> -0.23333333
A15: 17930 | B15: 4.7 | C15: =AVERAGE(B13:B15) -> 4.3333333 | E15: =AVERAGE(F15:G15) -> -0.53333333 | F15: =MEDIAN(B10:B12)-MEDIAN(B13:B15) -> -0.5 | G15: =C12-C15 -> -0.56666667
A16: 17958 | B16: 5 | C16: =AVERAGE(B14:B16) -> 4.6666667 | E16: =AVERAGE(F16:G16) -> -0.86666667 | F16: =MEDIAN(B11:B13)-MEDIAN(B14:B16) -> -0.9 | G16: =C13-C16 -> -0.83333333
A17: 17989 | B17: 5.3 | C17: =AVERAGE(B15:B17) -> 5 | E17: =AVERAGE(F17:G17) -> -0.98333333 | F17: =MEDIAN(B12:B14)-MEDIAN(B15:B17) -> -1 | G17: =C14-C17 -> -0.96666667
A18: 18019 | B18: 6.1 | C18: =AVERAGE(B16:B18) -> 5.4666667 | E18: =AVERAGE(F18:G18) -> -1.0666667 | F18: =MEDIAN(B13:B15)-MEDIAN(B16:B18) -> -1 | G18: =C15-C18 -> -1.1333333
A19: 18050 | B19: 6.2 | C19: =AVERAGE(B17:B19) -> 5.8666667 | E19: =AVERAGE(F19:G19) -> -1.3 | F19: =MEDIAN(B14:B16)-MEDIAN(B17:B19) -> -1.4 | G19: =C16-C19 -> -1.2
A20: 18080 | B20: 6.7 | C20: =AVERAGE(B18:B20) -> 6.3333333 | E20: =AVERAGE(F20:G20) -> -1.2666667 | F20: =MEDIAN(B15:B17)-MEDIAN(B18:B20) -> -1.2 | G20: =C17-C20 -> -1.3333333 | Q20: alt metric
A21: 18111 | B21: 6.8 | C21: =AVERAGE(B19:B21) -> 6.5666667 | E21: =AVERAGE(F21:G21) -> -1.25 | F21: =MEDIAN(B16:B18)-MEDIAN(B19:B21) -> -1.4 | G21: =C18-C21 -> -1.1 | Q21: 0.5
A22: 18142 | B22: 6.6 | C22: =AVERAGE(B20:B22) -> 6.7 | E22: =AVERAGE(F22:G22) -> -0.71666667 | F22: =MEDIAN(B17:B19)-MEDIAN(B20:B22) -> -0.6 | G22: =C19-C22 -> -0.83333333
A23: 18172 | B23: 7.9 | C23: =AVERAGE(B21:B23) -> 7.1 | E23: =AVERAGE(F23:G23) -> -0.68333333 | F23: =MEDIAN(B18:B20)-MEDIAN(B21:B23) -> -0.6 | G23: =C20-C23 -> -0.76666667
A24: 18203 | B24: 6.4 | C24: =AVERAGE(B22:B24) -> 6.9666667 | E24: =AVERAGE(F24:G24) -> -0.15 | F24: =MEDIAN(B19:B21)-MEDIAN(B22:B24) -> 0.1 | G24: =C21-C24 -> -0.4
A25: 18233 | B25: 6.6 | C25: =AVERAGE(B23:B25) -> 6.9666667 | E25: =AVERAGE(F25:G25) -> -0.083333333 | F25: =MEDIAN(B20:B22)-MEDIAN(B23:B25) -> 0.1 | G25: =C22-C25 -> -0.26666667
A26: 18264 | B26: 6.5 | C26: =AVERAGE(B24:B26) -> 6.5 | E26: =AVERAGE(F26:G26) -> 0.45 | F26: =MEDIAN(B21:B23)-MEDIAN(B24:B26) -> 0.3 | G26: =C23-C26 -> 0.6 | Q26: =MAX(B2:B26)-B26 -> 1.4 | R26: =B26-MIN(B2:B26)-B26 -> -3.4 | S26: =MAX(F26,0) -> 0.3 | T26: =MIN(F26,0) -> 0 | U26: =T26/(1+EXP(-Q26*Q$21)) -> 0 | V26: =S26/(1+EXP(R26*Q$21)) -> 0.25366042 | W26: =V26+U26 -> 0.25366042
A27: 18295 | B27: 6.4 | C27: =AVERAGE(B25:B27) -> 6.5 | E27: =AVERAGE(F27:G27) -> 0.28333333 | F27: =MEDIAN(B22:B24)-MEDIAN(B25:B27) -> 0.1 | G27: =C24-C27 -> 0.46666667 | Q27: =MAX(B3:B27)-B27 -> 1.5 | R27: =B27-MIN(B3:B27)-B27 -> -3.5 | S27: =MAX(F27,0) -> 0.1 | T27: =MIN(F27,0) -> 0 | U27: =T27/(1+EXP(-Q27*Q$21)) -> 0 | V27: =S27/(1+EXP(R27*Q$21)) -> 0.08519528 | W27: =V27+U27 -> 0.08519528
A28: 18323 | B28: 6.3 | C28: =AVERAGE(B26:B28) -> 6.4 | E28: =AVERAGE(F28:G28) -> 0.38333333 | F28: =MEDIAN(B23:B25)-MEDIAN(B26:B28) -> 0.2 | G28: =C25-C28 -> 0.56666667 | Q28: =MAX(B4:B28)-B28 -> 1.6 | R28: =B28-MIN(B4:B28)-B28 -> -3.5 | S28: =MAX(F28,0) -> 0.2 | T28: =MIN(F28,0) -> 0 | U28: =T28/(1+EXP(-Q28*Q$21)) -> 0 | V28: =S28/(1+EXP(R28*Q$21)) -> 0.17039056 | W28: =V28+U28 -> 0.17039056
A29: 18354 | B29: 5.8 | C29: =AVERAGE(B27:B29) -> 6.1666667 | E29: =AVERAGE(F29:G29) -> 0.26666667 | F29: =MEDIAN(B24:B26)-MEDIAN(B27:B29) -> 0.2 | G29: =C26-C29 -> 0.33333333 | Q29: =MAX(B5:B29)-B29 -> 2.1 | R29: =B29-MIN(B5:B29)-B29 -> -3.5 | S29: =MAX(F29,0) -> 0.2 | T29: =MIN(F29,0) -> 0 | U29: =T29/(1+EXP(-Q29*Q$21)) -> 0 | V29: =S29/(1+EXP(R29*Q$21)) -> 0.17039056 | W29: =V29+U29 -> 0.17039056
A30: 18384 | B30: 5.5 | C30: =AVERAGE(B28:B30) -> 5.8666667 | E30: =AVERAGE(F30:G30) -> 0.66666667 | F30: =MEDIAN(B25:B27)-MEDIAN(B28:B30) -> 0.7 | G30: =C27-C30 -> 0.63333333 | Q30: =MAX(B6:B30)-B30 -> 2.4 | R30: =B30-MIN(B6:B30)-B30 -> -3.5 | S30: =MAX(F30,0) -> 0.7 | T30: =MIN(F30,0) -> 0 | U30: =T30/(1+EXP(-Q30*Q$21)) -> 0 | V30: =S30/(1+EXP(R30*Q$21)) -> 0.59636696 | W30: =V30+U30 -> 0.59636696
A31: 18415 | B31: 5.4 | C31: =AVERAGE(B29:B31) -> 5.5666667 | E31: =AVERAGE(F31:G31) -> 0.86666667 | F31: =MEDIAN(B26:B28)-MEDIAN(B29:B31) -> 0.9 | G31: =C28-C31 -> 0.83333333 | Q31: =MAX(B7:B31)-B31 -> 2.5 | R31: =B31-MIN(B7:B31)-B31 -> -3.6 | S31: =MAX(F31,0) -> 0.9 | T31: =MIN(F31,0) -> 0 | U31: =T31/(1+EXP(-Q31*Q$21)) -> 0 | V31: =S31/(1+EXP(R31*Q$21)) -> 0.77233404 | W31: =V31+U31 -> 0.77233404
A32: 18445 | B32: 5 | C32: =AVERAGE(B30:B32) -> 5.3 | E32: =AVERAGE(F32:G32) -> 0.88333333 | F32: =MEDIAN(B27:B29)-MEDIAN(B30:B32) -> 0.9 | G32: =C29-C32 -> 0.86666667 | Q32: =MAX(B8:B32)-B32 -> 2.9 | R32: =B32-MIN(B8:B32)-B32 -> -3.6 | S32: =MAX(F32,0) -> 0.9 | T32: =MIN(F32,0) -> 0 | U32: =T32/(1+EXP(-Q32*Q$21)) -> 0 | V32: =S32/(1+EXP(R32*Q$21)) -> 0.77233404 | W32: =V32+U32 -> 0.77233404
A33: 18476 | B33: 4.5 | C33: =AVERAGE(B31:B33) -> 4.9666667 | E33: =AVERAGE(F33:G33) -> 0.85 | F33: =MEDIAN(B28:B30)-MEDIAN(B31:B33) -> 0.8 | G33: =C30-C33 -> 0.9 | Q33: =MAX(B9:B33)-B33 -> 3.4 | R33: =B33-MIN(B9:B33)-B33 -> -3.7 | S33: =MAX(F33,0) -> 0.8 | T33: =MIN(F33,0) -> 0 | U33: =T33/(1+EXP(-Q33*Q$21)) -> 0 | V33: =S33/(1+EXP(R33*Q$21)) -> 0.69130168 | W33: =V33+U33 -> 0.69130168
A34: 18507 | B34: 4.4 | C34: =AVERAGE(B32:B34) -> 4.6333333 | E34: =AVERAGE(F34:G34) -> 0.96666667 | F34: =MEDIAN(B29:B31)-MEDIAN(B32:B34) -> 1 | G34: =C31-C34 -> 0.93333333 | Q34: =MAX(B10:B34)-B34 -> 3.5 | R34: =B34-MIN(B10:B34)-B34 -> -3.7 | S34: =MAX(F34,0) -> 1 | T34: =MIN(F34,0) -> 0 | U34: =T34/(1+EXP(-Q34*Q$21)) -> 0 | V34: =S34/(1+EXP(R34*Q$21)) -> 0.8641271 | W34: =V34+U34 -> 0.8641271
A35: 18537 | B35: 4.2 | C35: =AVERAGE(B33:B35) -> 4.3666667 | E35: =AVERAGE(F35:G35) -> 0.96666667 | F35: =MEDIAN(B30:B32)-MEDIAN(B33:B35) -> 1 | G35: =C32-C35 -> 0.93333333 | Q35: =MAX(B11:B35)-B35 -> 3.7 | R35: =B35-MIN(B11:B35)-B35 -> -3.7 | S35: =MAX(F35,0) -> 1 | T35: =MIN(F35,0) -> 0 | U35: =T35/(1+EXP(-Q35*Q$21)) -> 0 | V35: =S35/(1+EXP(R35*Q$21)) -> 0.8641271 | W35: =V35+U35 -> 0.8641271
A36: 18568 | B36: 4.2 | C36: =AVERAGE(B34:B36) -> 4.2666667 | E36: =AVERAGE(F36:G36) -> 0.75 | F36: =MEDIAN(B31:B33)-MEDIAN(B34:B36) -> 0.8 | G36: =C33-C36 -> 0.7 | Q36: =MAX(B12:B36)-B36 -> 3.7 | R36: =B36-MIN(B12:B36)-B36 -> -3.8 | S36: =MAX(F36,0) -> 0.8 | T36: =MIN(F36,0) -> 0 | U36: =T36/(1+EXP(-Q36*Q$21)) -> 0 | V36: =S36/(1+EXP(R36*Q$21)) -> 0.69591322 | W36: =V36+U36 -> 0.69591322
A37: 18598 | B37: 4.3 | C37: =AVERAGE(B35:B37) -> 4.2333333 | E37: =AVERAGE(F37:G37) -> 0.35 | F37: =MEDIAN(B32:B34)-MEDIAN(B35:B37) -> 0.3 | G37: =C34-C37 -> 0.4 | Q37: =MAX(B13:B37)-B37 -> 3.6 | R37: =B37-MIN(B13:B37)-B37 -> -4 | S37: =MAX(F37,0) -> 0.3 | T37: =MIN(F37,0) -> 0 | U37: =T37/(1+EXP(-Q37*Q$21)) -> 0 | V37: =S37/(1+EXP(R37*Q$21)) -> 0.26423912 | W37: =V37+U37 -> 0.26423912
... A121: 21155 | B121: 5.2 | C121: =AVERAGE(B119:B121) -> 4.9333333 | E121: =AVERAGE(F121:G121) -> -0.8 | F121: =MEDIAN(B116:B118)-MEDIAN(B119:B121) -> -0.9 | G121: =C118-C121 -> -0.7 | Q121: =MAX(B97:B121)-B121 -> 0 | R121: =B121-MIN(B97:B121)-B121 -> -3.7 | S121: =MAX(F121,0) -> 0 | T121: =MIN(F121,0) -> -0.9 | U121: =T121/(1+EXP(-Q121*Q$21)) -> -0.45 | V121: =S121/(1+EXP(R121*Q$21)) -> 0 | W121: =V121+U121 -> -0.45
A122: 21186 | B122: 5.8 | C122: =AVERAGE(B120:B122) -> 5.3666667 | D122: =MEDIAN(B2:B122) -> 4.2 | E122: =AVERAGE(F122:G122) -> -0.91666667 | F122: =MEDIAN(B117:B119)-MEDIAN(B120:B122) -> -0.8 | G122: =C119-C122 -> -1.0333333 | H122: =D122-C122 -> -1.1666667 | K122: =1/(1+EXP(H122*K$2)) -> 0.76254197 | L122: =1-K122 -> 0.23745803 | Q122: =MAX(B98:B122)-B122 -> 0 | R122: =B122-MIN(B98:B122)-B122 -> -3.7 | S122: =MAX(F122,0) -> 0 | T122: =MIN(F122,0) -> -0.8 | U122: =T122/(1+EXP(-Q122*Q$21)) -> -0.4 | V122: =S122/(1+EXP(R122*Q$21)) -> 0 | W122: =V122+U122 -> -0.4
A123: 21217 | B123: 6.4 | C123: =AVERAGE(B121:B123) -> 5.8 | D123: =MEDIAN(B3:B123) -> 4.2 | E123: =AVERAGE(F123:G123) -> -1.2166667 | F123: =MEDIAN(B118:B120)-MEDIAN(B121:B123) -> -1.3 | G123: =C120-C123 -> -1.1333333 | H123: =D123-C123 -> -1.6 | K123: =1/(1+EXP(H123*K$2)) -> 0.83201839 | L123: =1-K123 -> 0.16798161 | Q123: =MAX(B99:B123)-B123 -> 0 | R123: =B123-MIN(B99:B123)-B123 -> -3.7 | S123: =MAX(F123,0) -> 0 | T123: =MIN(F123,0) -> -1.3 | U123: =T123/(1+EXP(-Q123*Q$21)) -> -0.65 | V123: =S123/(1+EXP(R123*Q$21)) -> 0 | W123: =V123+U123 -> -0.65
A124: 21245 | B124: 6.7 | C124: =AVERAGE(B122:B124) -> 6.3 | D124: =MEDIAN(B4:B124) -> 4.2 | E124: =AVERAGE(F124:G124) -> -1.3333333 | F124: =MEDIAN(B119:B121)-MEDIAN(B122:B124) -> -1.3 | G124: =C121-C124 -> -1.3666667 | H124: =D124-C124 -> -2.1 | K124: =1/(1+EXP(H124*K$2)) -> 0.89090318 | L124: =1-K124 -> 0.10909682 | Q124: =MAX(B100:B124)-B124 -> 0 | R124: =B124-MIN(B100:B124)-B124 -> -3.7 | S124: =MAX(F124,0) -> 0 | T124: =MIN(F124,0) -> -1.3 | U124: =T124/(1+EXP(-Q124*Q$21)) -> -0.65 | V124: =S124/(1+EXP(R124*Q$21)) -> 0 | W124: =V124+U124 -> -0.65
A125: 21276 | B125: 7.4 | C125: =AVERAGE(B123:B125) -> 6.8333333 | D125: =MEDIAN(B5:B125) -> 4.2 | E125: =AVERAGE(F125:G125) -> -1.4833333 | F125: =MEDIAN(B120:B122)-MEDIAN(B123:B125) -> -1.5 | G125: =C122-C125 -> -1.4666667 | H125: =D125-C125 -> -2.6333333 | K125: =1/(1+EXP(H125*K$2)) -> 0.93297629 | L125: =1-K125 -> 0.067023711 | Q125: =MAX(B101:B125)-B125 -> 0 | R125: =B125-MIN(B101:B125)-B125 -> -3.7 | S125: =MAX(F125,0) -> 0 | T125: =MIN(F125,0) -> -1.5 | U125: =T125/(1+EXP(-Q125*Q$21)) -> -0.75 | V125: =S125/(1+EXP(R125*Q$21)) -> 0 | W125: =V125+U125 -> -0.75
A126: 21306 | B126: 7.4 | C126: =AVERAGE(B124:B126) -> 7.1666667 | D126: =MEDIAN(B6:B126) -> 4.2 | E126: =AVERAGE(F126:G126) -> -1.4833333 | F126: =MEDIAN(B121:B123)-MEDIAN(B124:B126) -> -1.6 | G126: =C123-C126 -> -1.3666667 | H126: =D126-C126 -> -2.9666667 | K126: =1/(1+EXP(H126*K$2)) -> 0.95104532 | L126: =1-K126 -> 0.048954684 | Q126: =MAX(B102:B126)-B126 -> 0 | R126: =B126-MIN(B102:B126)-B126 -> -3.7 | S126: =MAX(F126,0) -> 0 | T126: =MIN(F126,0) -> -1.6 | U126: =T126/(1+EXP(-Q126*Q$21)) -> -0.8 | V126: =S126/(1+EXP(R126*Q$21)) -> 0 | W126: =V126+U126 -> -0.8
A127: 21337 | B127: 7.3 | C127: =AVERAGE(B125:B127) -> 7.3666667 | D127: =MEDIAN(B7:B127) -> 4.2 | E127: =AVERAGE(F127:G127) -> -1.0333333 | F127: =MEDIAN(B122:B124)-MEDIAN(B125:B127) -> -1 | G127: =C124-C127 -> -1.0666667 | H127: =D127-C127 -> -3.1666667 | K127: =1/(1+EXP(H127*K$2)) -> 0.95956044 | L127: =1-K127 -> 0.040439565 | Q127: =MAX(B103:B127)-B127 -> 0.1 | R127: =B127-MIN(B103:B127)-B127 -> -3.7 | S127: =MAX(F127,0) -> 0 | T127: =MIN(F127,0) -> -1 | U127: =T127/(1+EXP(-Q127*Q$21)) -> -0.5124974 | V127: =S127/(1+EXP(R127*Q$21)) -> 0 | W127: =V127+U127 -> -0.5124974
A128: 21367 | B128: 7.5 | C128: =AVERAGE(B126:B128) -> 7.4 | D128: =MEDIAN(B8:B128) -> 4.2 | E128: =AVERAGE(F128:G128) -> -0.63333333 | F128: =MEDIAN(B123:B125)-MEDIAN(B126:B128) -> -0.7 | G128: =C125-C128 -> -0.56666667 | H128: =D128-C128 -> -3.2 | K128: =1/(1+EXP(H128*K$2)) -> 0.96083428 | L128: =1-K128 -> 0.039165723 | Q128: =MAX(B104:B128)-B128 -> 0 | R128: =B128-MIN(B104:B128)-B128 -> -3.7 | S128: =MAX(F128,0) -> 0 | T128: =MIN(F128,0) -> -0.7 | U128: =T128/(1+EXP(-Q128*Q$21)) -> -0.35 | V128: =S128/(1+EXP(R128*Q$21)) -> 0 | W128: =V128+U128 -> -0.35
A129: 21398 | B129: 7.4 | C129: =AVERAGE(B127:B129) -> 7.4 | D129: =MEDIAN(B9:B129) -> 4.2 | E129: =AVERAGE(F129:G129) -> -0.11666667 | F129: =MEDIAN(B124:B126)-MEDIAN(B127:B129) -> 0 | G129: =C126-C129 -> -0.23333333 | H129: =D129-C129 -> -3.2 | K129: =1/(1+EXP(H129*K$2)) -> 0.96083428 | L129: =1-K129 -> 0.039165723 | Q129: =MAX(B105:B129)-B129 -> 0.1 | R129: =B129-MIN(B105:B129)-B129 -> -3.7 | S129: =MAX(F129,0) -> 0 | T129: =MIN(F129,0) -> 0 | U129: =T129/(1+EXP(-Q129*Q$21)) -> 0 | V129: =S129/(1+EXP(R129*Q$21)) -> 0 | W129: =V129+U129 -> 0
A130: 21429 | B130: 7.1 | C130: =AVERAGE(B128:B130) -> 7.3333333 | D130: =MEDIAN(B10:B130) -> 4.2 | E130: =AVERAGE(F130:G130) -> 0.016666667 | F130: =MEDIAN(B125:B127)-MEDIAN(B128:B130) -> 0 | G130: =C127-C130 -> 0.033333333 | H130: =D130-C130 -> -3.1333333 | K130: =1/(1+EXP(H130*K$2)) -> 0.95824696 | L130: =1-K130 -> 0.041753037 | Q130: =MAX(B106:B130)-B130 -> 0.4 | R130: =B130-MIN(B106:B130)-B130 -> -3.7 | S130: =MAX(F130,0) -> 0 | T130: =MIN(F130,0) -> 0 | U130: =T130/(1+EXP(-Q130*Q$21)) -> 0 | V130: =S130/(1+EXP(R130*Q$21)) -> 0 | W130: =V130+U130 -> 0
A131: 21459 | B131: 6.7 | C131: =AVERAGE(B129:B131) -> 7.0666667 | D131: =MEDIAN(B11:B131) -> 4.2 | E131: =AVERAGE(F131:G131) -> 0.31666667 | F131: =MEDIAN(B126:B128)-MEDIAN(B129:B131) -> 0.3 | G131: =C128-C131 -> 0.33333333 | H131: =D131-C131 -> -2.8666667 | I131: =H131-H122 -> -1.7 | K131: =1/(1+EXP(H131*K$2)) -> 0.94617384 | L131: =1-K131 -> 0.053826163 | Q131: =MAX(B107:B131)-B131 -> 0.8 | R131: =B131-MIN(B107:B131)-B131 -> -3.7 | S131: =MAX(F131,0) -> 0.3 | T131: =MIN(F131,0) -> 0 | U131: =T131/(1+EXP(-Q131*Q$21)) -> 0 | V131: =S131/(1+EXP(R131*Q$21)) -> 0.25923813 | W131: =V131+U131 -> 0.25923813
A132: 21490 | B132: 6.2 | C132: =AVERAGE(B130:B132) -> 6.6666667 | D132: =MEDIAN(B12:B132) -> 4.3 | E132: =AVERAGE(F132:G132) -> 0.71666667 | F132: =MEDIAN(B127:B129)-MEDIAN(B130:B132) -> 0.7 | G132: =C129-C132 -> 0.73333333 | H132: =D132-C132 -> -2.3666667 | I132: =H132-H123 -> -0.76666667 | K132: =1/(1+EXP(H132*K$2)) -> 0.9142499 | L132: =1-K132 -> 0.085750102 | Q132: =MAX(B108:B132)-B132 -> 1.3 | R132: =B132-MIN(B108:B132)-B132 -> -3.7 | S132: =MAX(F132,0) -> 0.7 | T132: =MIN(F132,0) -> 0 | U132: =T132/(1+EXP(-Q132*Q$21)) -> 0 | V132: =S132/(1+EXP(R132*Q$21)) -> 0.60488897 | W132: =V132+U132 -> 0.60488897
A133: 21520 | B133: 6.2 | C133: =AVERAGE(B131:B133) -> 6.3666667 | D133: =MEDIAN(B13:B133) -> 4.3 | E133: =AVERAGE(F133:G133) -> 1.0833333 | F133: =MEDIAN(B128:B130)-MEDIAN(B131:B133) -> 1.2 | G133: =C130-C133 -> 0.96666667 | H133: =D133-C133 -> -2.0666667 | I133: =H133-H124 -> 0.033333333 | K133: =1/(1+EXP(H133*K$2)) -> 0.88762089 | L133: =1-K133 -> 0.11237911 | Q133: =MAX(B109:B133)-B133 -> 1.3 | R133: =B133-MIN(B109:B133)-B133 -> -3.7 | S133: =MAX(F133,0) -> 1.2 | T133: =MIN(F133,0) -> 0 | U133: =T133/(1+EXP(-Q133*Q$21)) -> 0 | V133: =S133/(1+EXP(R133*Q$21)) -> 1.0369525 | W133: =V133+U133 -> 1.0369525
A134: 21551 | B134: 6 | C134: =AVERAGE(B132:B134) -> 6.1333333 | D134: =MEDIAN(B14:B134) -> 4.3 | E134: =AVERAGE(F134:G134) -> 0.91666667 | F134: =MEDIAN(B129:B131)-MEDIAN(B132:B134) -> 0.9 | G134: =C131-C134 -> 0.93333333 | H134: =D134-C134 -> -1.8333333 | I134: =H134-H125 -> 0.8 | K134: =1/(1+EXP(H134*K$2)) -> 0.86215834 | L134: =1-K134 -> 0.13784166 | Q134: =MAX(B110:B134)-B134 -> 1.5 | R134: =B134-MIN(B110:B134)-B134 -> -3.7 | S134: =MAX(F134,0) -> 0.9 | T134: =MIN(F134,0) -> 0 | U134: =T134/(1+EXP(-Q134*Q$21)) -> 0 | V134: =S134/(1+EXP(R134*Q$21)) -> 0.77771439 | W134: =V134+U134 -> 0.77771439
A135: 21582 | B135: 5.9 | C135: =AVERAGE(B133:B135) -> 6.0333333 | D135: =MEDIAN(B15:B135) -> 4.3 | E135: =AVERAGE(F135:G135) -> 0.66666667 | F135: =MEDIAN(B130:B132)-MEDIAN(B133:B135) -> 0.7 | G135: =C132-C135 -> 0.63333333 | H135: =D135-C135 -> -1.7333333 | I135: =H135-H126 -> 1.2333333 | K135: =1/(1+EXP(H135*K$2)) -> 0.84983829 | L135: =1-K135 -> 0.15016171 | Q135: =MAX(B111:B135)-B135 -> 1.6 | R135: =B135-MIN(B111:B135)-B135 -> -3.7 | S135: =MAX(F135,0) -> 0.7 | T135: =MIN(F135,0) -> 0 | U135: =T135/(1+EXP(-Q135*Q$21)) -> 0 | V135: =S135/(1+EXP(R135*Q$21)) -> 0.60488897 | W135: =V135+U135 -> 0.60488897
A136: 21610 | B136: 5.6 | C136: =AVERAGE(B134:B136) -> 5.8333333 | D136: =MEDIAN(B16:B136) -> 4.3 | E136: =AVERAGE(F136:G136) -> 0.41666667 | F136: =MEDIAN(B131:B133)-MEDIAN(B134:B136) -> 0.3 | G136: =C133-C136 -> 0.53333333 | H136: =D136-C136 -> -1.5333333 | I136: =H136-H127 -> 1.6333333 | K136: =1/(1+EXP(H136*K$2)) -> 0.8224935 | L136: =1-K136 -> 0.1775065 | Q136: =MAX(B112:B136)-B136 -> 1.9 | R136: =B136-MIN(B112:B136)-B136 -> -3.7 | S136: =MAX(F136,0) -> 0.3 | T136: =MIN(F136,0) -> 0 | U136: =T136/(1+EXP(-Q136*Q$21)) -> 0 | V136: =S136/(1+EXP(R136*Q$21)) -> 0.25923813 | W136: =V136+U136 -> 0.25923813
A137: 21641 | B137: 5.2 | C137: =AVERAGE(B135:B137) -> 5.5666667 | D137: =MEDIAN(B17:B137) -> 4.3 | E137: =AVERAGE(F137:G137) -> 0.58333333 | F137: =MEDIAN(B132:B134)-MEDIAN(B135:B137) -> 0.6 | G137: =C134-C137 -> 0.56666667 | H137: =D137-C137 -> -1.2666667 | I137: =H137-H128 -> 1.9333333 | K137: =1/(1+EXP(H137*K$2)) -> 0.7801716 | L137: =1-K137 -> 0.2198284 | Q137: =MAX(B113:B137)-B137 -> 2.3 | R137: =B137-MIN(B113:B137)-B137 -> -3.9 | S137: =MAX(F137,0) -> 0.6 | T137: =MIN(F137,0) -> 0 | U137: =T137/(1+EXP(-Q137*Q$21)) -> 0 | V137: =S137/(1+EXP(R137*Q$21)) -> 0.52526799 | W137: =V137+U137 -> 0.52526799
A138: 21671 | B138: 5.1 | C138: =AVERAGE(B136:B138) -> 5.3 | D138: =MEDIAN(B18:B138) -> 4.3 | E138: =AVERAGE(F138:G138) -> 0.76666667 | F138: =MEDIAN(B133:B135)-MEDIAN(B136:B138) -> 0.8 | G138: =C135-C138 -> 0.73333333 | H138: =D138-C138 -> -1 | I138: =H138-H129 -> 2.2 | K138: =1/(1+EXP(H138*K$2)) -> 0.73105858 | L138: =1-K138 -> 0.26894142 | Q138: =MAX(B114:B138)-B138 -> 2.4 | R138: =B138-MIN(B114:B138)-B138 -> -4.1 | S138: =MAX(F138,0) -> 0.8 | T138: =MIN(F138,0) -> 0 | U138: =T138/(1+EXP(-Q138*Q$21)) -> 0 | V138: =S138/(1+EXP(R138*Q$21)) -> 0.70875809 | W138: =V138+U138 -> 0.70875809
A139: 21702 | B139: 5 | C139: =AVERAGE(B137:B139) -> 5.1 | D139: =MEDIAN(B19:B139) -> 4.3 | E139: =AVERAGE(F139:G139) -> 0.76666667 | F139: =MEDIAN(B134:B136)-MEDIAN(B137:B139) -> 0.8 | G139: =C136-C139 -> 0.73333333 | H139: =D139-C139 -> -0.8 | I139: =H139-H130 -> 2.3333333 | K139: =1/(1+EXP(H139*K$2)) -> 0.68997448 | L139: =1-K139 -> 0.31002552 | M139: =MIN(C127:C139)-C139 -> 0 | N139: =MAX(C127:C139)-C139 -> 2.3 | O139: =L139*M139+K139*N139 -> 1.5869413 | Q139: =MAX(B115:B139)-B139 -> 2.5 | R139: =B139-MIN(B115:B139)-B139 -> -4.1 | S139: =MAX(F139,0) -> 0.8 | T139: =MIN(F139,0) -> 0 | U139: =T139/(1+EXP(-Q139*Q$21)) -> 0 | V139: =S139/(1+EXP(R139*Q$21)) -> 0.70875809 | W139: =V139+U139 -> 0.70875809
A140: 21732 | B140: 5.1 | C140: =AVERAGE(B138:B140) -> 5.0666667 | D140: =MEDIAN(B20:B140) -> 4.3 | E140: =AVERAGE(F140:G140) -> 0.5 | F140: =MEDIAN(B135:B137)-MEDIAN(B138:B140) -> 0.5 | G140: =C137-C140 -> 0.5 | H140: =D140-C140 -> -0.76666667 | I140: =H140-H131 -> 2.1 | K140: =1/(1+EXP(H140*K$2)) -> 0.68279939 | L140: =1-K140 -> 0.31720061 | M140: =MIN(C128:C140)-C140 -> 0 | N140: =MAX(C128:C140)-C140 -> 2.3333333 | O140: =L140*M140+K140*N140 -> 1.5931986 | Q140: =MAX(B116:B140)-B140 -> 2.4 | R140: =B140-MIN(B116:B140)-B140 -> -4.1 | S140: =MAX(F140,0) -> 0.5 | T140: =MIN(F140,0) -> 0 | U140: =T140/(1+EXP(-Q140*Q$21)) -> 0 | V140: =S140/(1+EXP(R140*Q$21)) -> 0.44297381 | W140: =V140+U140 -> 0.44297381
A141: 21763 | B141: 5.2 | C141: =AVERAGE(B139:B141) -> 5.1 | D141: =MEDIAN(B21:B141) -> 4.3 | E141: =AVERAGE(F141:G141) -> 0.15 | F141: =MEDIAN(B136:B138)-MEDIAN(B139:B141) -> 0.1 | G141: =C138-C141 -> 0.2 | H141: =D141-C141 -> -0.8 | I141: =H141-H132 -> 1.5666667 | K141: =1/(1+EXP(H141*K$2)) -> 0.68997448 | L141: =1-K141 -> 0.31002552 | M141: =MIN(C129:C141)-C141 -> -0.033333333 | N141: =MAX(C129:C141)-C141 -> 2.3 | O141: =L141*M141+K141*N141 -> 1.5766071 | Q141: =MAX(B117:B141)-B141 -> 2.3 | R141: =B141-MIN(B117:B141)-B141 -> -4.1 | S141: =MAX(F141,0) -> 0.1 | T141: =MIN(F141,0) -> 0 | U141: =T141/(1+EXP(-Q141*Q$21)) -> 0 | V141: =S141/(1+EXP(R141*Q$21)) -> 0.088594762 | W141: =V141+U141 -> 0.088594762
A142: 21794 | B142: 5.5 | C142: =AVERAGE(B140:B142) -> 5.2666667 | D142: =MEDIAN(B22:B142) -> 4.3 | E142: =AVERAGE(F142:G142) -> -0.13333333 | F142: =MEDIAN(B137:B139)-MEDIAN(B140:B142) -> -0.1 | G142: =C139-C142 -> -0.16666667 | H142: =D142-C142 -> -0.96666667 | I142: =H142-H133 -> 1.1 | K142: =1/(1+EXP(H142*K$2)) -> 0.7244546 | L142: =1-K142 -> 0.2755454 | M142: =MIN(C130:C142)-C142 -> -0.2 | N142: =MAX(C130:C142)-C142 -> 2.0666667 | O142: =L142*M142+K142*N142 -> 1.4420971 | Q142: =MAX(B118:B142)-B142 -> 2 | R142: =B142-MIN(B118:B142)-B142 -> -4.4 | S142: =MAX(F142,0) -> 0 | T142: =MIN(F142,0) -> -0.1 | U142: =T142/(1+EXP(-Q142*Q$21)) -> -0.073105858 | V142: =S142/(1+EXP(R142*Q$21)) -> 0 | W142: =V142+U142 -> -0.073105858
A143: 21824 | B143: 5.7 | C143: =AVERAGE(B141:B143) -> 5.4666667 | D143: =MEDIAN(B23:B143) -> 4.3 | E143: =AVERAGE(F143:G143) -> -0.4 | F143: =MEDIAN(B138:B140)-MEDIAN(B141:B143) -> -0.4 | G143: =C140-C143 -> -0.4 | H143: =D143-C143 -> -1.1666667 | I143: =H143-H134 -> 0.66666667 | K143: =1/(1+EXP(H143*K$2)) -> 0.76254197 | L143: =1-K143 -> 0.23745803 | M143: =MIN(C131:C143)-C143 -> -0.4 | N143: =MAX(C131:C143)-C143 -> 1.6 | O143: =L143*M143+K143*N143 -> 1.1250839 | Q143: =MAX(B119:B143)-B143 -> 1.8 | R143: =B143-MIN(B119:B143)-B143 -> -4.5 | S143: =MAX(F143,0) -> 0 | T143: =MIN(F143,0) -> -0.4 | U143: =T143/(1+EXP(-Q143*Q$21)) -> -0.2843798 | V143: =S143/(1+EXP(R143*Q$21)) -> 0 | W143: =V143+U143 -> -0.2843798
A144: 21855 | B144: 5.8 | C144: =AVERAGE(B142:B144) -> 5.6666667 | D144: =MEDIAN(B24:B144) -> 4.3 | E144: =AVERAGE(F144:G144) -> -0.58333333 | F144: =MEDIAN(B139:B141)-MEDIAN(B142:B144) -> -0.6 | G144: =C141-C144 -> -0.56666667 | H144: =D144-C144 -> -1.3666667 | I144: =H144-H135 -> 0.36666667 | K144: =1/(1+EXP(H144*K$2)) -> 0.79684107 | L144: =1-K144 -> 0.20315893 | M144: =MIN(C132:C144)-C144 -> -0.6 | N144: =MAX(C132:C144)-C144 -> 1 | O144: =L144*M144+K144*N144 -> 0.67494571 | Q144: =MAX(B120:B144)-B144 -> 1.7 | R144: =B144-MIN(B120:B144)-B144 -> -5 | S144: =MAX(F144,0) -> 0 | T144: =MIN(F144,0) -> -0.6 | U144: =T144/(1+EXP(-Q144*Q$21)) -> -0.42034029 | V144: =S144/(1+EXP(R144*Q$21)) -> 0 | W144: =V144+U144 -> -0.42034029
A145: 21885 | B145: 5.3 | C145: =AVERAGE(B143:B145) -> 5.6 | D145: =MEDIAN(B25:B145) -> 4.3 | E145: =AVERAGE(F145:G145) -> -0.41666667 | F145: =MEDIAN(B140:B142)-MEDIAN(B143:B145) -> -0.5 | G145: =C142-C145 -> -0.33333333 | H145: =D145-C145 -> -1.3 | I145: =H145-H136 -> 0.23333333 | K145: =1/(1+EXP(H145*K$2)) -> 0.78583498 | L145: =1-K145 -> 0.21416502 | M145: =MIN(C133:C145)-C145 -> -0.53333333 | N145: =MAX(C133:C145)-C145 -> 0.76666667 | O145: =L145*M145+K145*N145 -> 0.48825214 | Q145: =MAX(B121:B145)-B145 -> 2.2 | R145: =B145-MIN(B121:B145)-B145 -> -5 | S145: =MAX(F145,0) -> 0 | T145: =MIN(F145,0) -> -0.5 | U145: =T145/(1+EXP(-Q145*Q$21)) -> -0.37513005 | V145: =S145/(1+EXP(R145*Q$21)) -> 0 | W145: =V145+U145 -> -0.37513005
A146: 21916 | B146: 5.2 | C146: =AVERAGE(B144:B146) -> 5.4333333 | D146: =MEDIAN(B26:B146) -> 4.3 | E146: =AVERAGE(F146:G146) -> 0.11666667 | F146: =MEDIAN(B141:B143)-MEDIAN(B144:B146) -> 0.2 | G146: =C143-C146 -> 0.033333333 | H146: =D146-C146 -> -1.1333333 | I146: =H146-H137 -> 0.13333333 | K146: =1/(1+EXP(H146*K$2)) -> 0.75645353 | L146: =1-K146 -> 0.24354647 | M146: =MIN(C134:C146)-C146 -> -0.36666667 | N146: =MAX(C134:C146)-C146 -> 0.7 | O146: =L146*M146+K146*N146 -> 0.4402171 | Q146: =MAX(B122:B146)-B146 -> 2.3 | R146: =B146-MIN(B122:B146)-B146 -> -5 | S146: =MAX(F146,0) -> 0.2 | T146: =MIN(F146,0) -> 0 | U146: =T146/(1+EXP(-Q146*Q$21)) -> 0 | V146: =S146/(1+EXP(R146*Q$21)) -> 0.18482836 | W146: =V146+U146 -> 0.18482836
A147: 21947 | B147: 4.8 | C147: =AVERAGE(B145:B147) -> 5.1 | D147: =MEDIAN(B27:B147) -> 4.3 | E147: =AVERAGE(F147:G147) -> 0.53333333 | F147: =MEDIAN(B142:B144)-MEDIAN(B145:B147) -> 0.5 | G147: =C144-C147 -> 0.56666667 | H147: =D147-C147 -> -0.8 | I147: =H147-H138 -> 0.2 | K147: =1/(1+EXP(H147*K$2)) -> 0.68997448 | L147: =1-K147 -> 0.31002552 | M147: =MIN(C135:C147)-C147 -> -0.033333333 | N147: =MAX(C135:C147)-C147 -> 0.93333333 | O147: =L147*M147+K147*N147 -> 0.633642 | Q147: =MAX(B123:B147)-B147 -> 2.7 | R147: =B147-MIN(B123:B147)-B147 -> -4.8 | S147: =MAX(F147,0) -> 0.5 | T147: =MIN(F147,0) -> 0 | U147: =T147/(1+EXP(-Q147*Q$21)) -> 0 | V147: =S147/(1+EXP(R147*Q$21)) -> 0.45841365 | W147: =V147+U147 -> 0.45841365
A148: 21976 | B148: 5.4 | C148: =AVERAGE(B146:B148) -> 5.1333333 | D148: =MEDIAN(B28:B148) -> 4.3 | E148: =AVERAGE(F148:G148) -> 0.48333333 | F148: =MEDIAN(B143:B145)-MEDIAN(B146:B148) -> 0.5 | G148: =C145-C148 -> 0.46666667 | H148: =D148-C148 -> -0.83333333 | I148: =H148-H139 -> -0.033333333 | K148: =1/(1+EXP(H148*K$2)) -> 0.69705928 | L148: =1-K148 -> 0.30294072 | M148: =MIN(C136:C148)-C148 -> -0.066666667 | N148: =MAX(C136:C148)-C148 -> 0.7 | O148: =L148*M148+K148*N148 -> 0.46774545 | Q148: =MAX(B124:B148)-B148 -> 2.1 | R148: =B148-MIN(B124:B148)-B148 -> -4.8 | S148: =MAX(F148,0) -> 0.5 | T148: =MIN(F148,0) -> 0 | U148: =T148/(1+EXP(-Q148*Q$21)) -> 0 | V148: =S148/(1+EXP(R148*Q$21)) -> 0.45841365 | W148: =V148+U148 -> 0.45841365
A149: 22007 | B149: 5.2 | C149: =AVERAGE(B147:B149) -> 5.1333333 | D149: =MEDIAN(B29:B149) -> 4.3 | E149: =AVERAGE(F149:G149) -> 0.2 | F149: =MEDIAN(B144:B146)-MEDIAN(B147:B149) -> 0.1 | G149: =C146-C149 -> 0.3 | H149: =D149-C149 -> -0.83333333 | I149: =H149-H140 -> -0.066666667 | K149: =1/(1+EXP(H149*K$2)) -> 0.69705928 | L149: =1-K149 -> 0.30294072 | M149: =MIN(C137:C149)-C149 -> -0.066666667 | N149: =MAX(C137:C149)-C149 -> 0.53333333 | O149: =L149*M149+K149*N149 -> 0.3515689 | Q149: =MAX(B125:B149)-B149 -> 2.3 | R149: =B149-MIN(B125:B149)-B149 -> -4.8 | S149: =MAX(F149,0) -> 0.1 | T149: =MIN(F149,0) -> 0 | U149: =T149/(1+EXP(-Q149*Q$21)) -> 0 | V149: =S149/(1+EXP(R149*Q$21)) -> 0.09168273 | W149: =V149+U149 -> 0.09168273
A150: 22037 | B150: 5.1 | C150: =AVERAGE(B148:B150) -> 5.2333333 | D150: =MEDIAN(B30:B150) -> 4.3 | E150: =AVERAGE(F150:G150) -> -0.066666667 | F150: =MEDIAN(B145:B147)-MEDIAN(B148:B150) -> 0 | G150: =C147-C150 -> -0.13333333 | H150: =D150-C150 -> -0.93333333 | I150: =H150-H141 -> -0.13333333 | K150: =1/(1+EXP(H150*K$2)) -> 0.71775106 | L150: =1-K150 -> 0.28224894 | M150: =MIN(C138:C150)-C150 -> -0.16666667 | N150: =MAX(C138:C150)-C150 -> 0.43333333 | O150: =L150*M150+K150*N150 -> 0.26398397 | Q150: =MAX(B126:B150)-B150 -> 2.4 | R150: =B150-MIN(B126:B150)-B150 -> -4.8 | S150: =MAX(F150,0) -> 0 | T150: =MIN(F150,0) -> 0 | U150: =T150/(1+EXP(-Q150*Q$21)) -> 0 | V150: =S150/(1+EXP(R150*Q$21)) -> 0 | W150: =V150+U150 -> 0
... A934: 45901 | B934: 4.4 | C934: =AVERAGE(B932:B934) -> 4.3333333 | D934: =MEDIAN(B814:B934) -> 4.1 | E934: =AVERAGE(F934:G934) -> -0.11666667 | F934: =MEDIAN(B929:B931)-MEDIAN(B932:B934) -> -0.1 | G934: =C931-C934 -> -0.13333333 | H934: =D934-C934 -> -0.23333333 | I934: =H934-H925 -> -0.2 | K934: =1/(1+EXP(H934*K$2)) -> 0.55807011 | L934: =1-K934 -> 0.44192989 | M934: =MIN(C922:C934)-C934 -> -0.23333333 | N934: =MAX(C922:C934)-C934 -> 0 | O934: =L934*M934+K934*N934 -> -0.10311698 | Q934: =MAX(B910:B934)-B934 -> 0 | R934: =B934-MIN(B910:B934)-B934 -> -3.7 | S934: =MAX(F934,0) -> 0 | T934: =MIN(F934,0) -> -0.1 | U934: =T934/(1+EXP(-Q934*Q$21)) -> -0.05 | V934: =S934/(1+EXP(R934*Q$21)) -> 0 | W934: =V934+U934 -> -0.05
A935: 45931 | C935: =AVERAGE(B933:B935) -> 4.35 | D935: =MEDIAN(B815:B935) -> 4.1 | E935: =AVERAGE(F935:G935) -> -0.083333333 | F935: =MEDIAN(B930:B932)-MEDIAN(B933:B935) -> -0.05 | G935: =C932-C935 -> -0.11666667 | H935: =D935-C935 -> -0.25 | I935: =H935-H926 -> -0.25 | K935: =1/(1+EXP(H935*K$2)) -> 0.5621765 | L935: =1-K935 -> 0.4378235 | M935: =MIN(C923:C935)-C935 -> -0.25 | N935: =MAX(C923:C935)-C935 -> 0 | O935: =L935*M935+K935*N935 -> -0.10945587 | Q935: =MAX(B911:B935)-B935 -> 4.4 | R935: =B935-MIN(B911:B935)-B935 -> -3.7 | S935: =MAX(F935,0) -> 0 | T935: =MIN(F935,0) -> -0.05 | U935: =T935/(1+EXP(-Q935*Q$21)) -> -0.045012476 | V935: =S935/(1+EXP(R935*Q$21)) -> 0 | W935: =V935+U935 -> -0.045012476
A936: 45962 | B936: 4.5 | C936: =AVERAGE(B934:B936) -> 4.45 | D936: =MEDIAN(B816:B936) -> 4.1 | E936: =AVERAGE(F936:G936) -> -0.18333333 | F936: =MEDIAN(B931:B933)-MEDIAN(B934:B936) -> -0.15 | G936: =C933-C936 -> -0.21666667 | H936: =D936-C936 -> -0.35 | I936: =H936-H927 -> -0.35 | K936: =1/(1+EXP(H936*K$2)) -> 0.58661758 | L936: =1-K936 -> 0.41338242 | M936: =MIN(C924:C936)-C936 -> -0.35 | N936: =MAX(C924:C936)-C936 -> 0 | O936: =L936*M936+K936*N936 -> -0.14468385 | Q936: =MAX(B912:B936)-B936 -> 0 | R936: =B936-MIN(B912:B936)-B936 -> -3.7 | S936: =MAX(F936,0) -> 0 | T936: =MIN(F936,0) -> -0.15 | U936: =T936/(1+EXP(-Q936*Q$21)) -> -0.075 | V936: =S936/(1+EXP(R936*Q$21)) -> 0 | W936: =V936+U936 -> -0.075
A937: 45992 | B937: 4.4 | C937: =AVERAGE(B935:B937) -> 4.45 | D937: =MEDIAN(B817:B937) -> 4.1 | E937: =AVERAGE(F937:G937) -> -0.13333333 | F937: =MEDIAN(B932:B934)-MEDIAN(B935:B937) -> -0.15 | G937: =C934-C937 -> -0.11666667 | H937: =D937-C937 -> -0.35 | I937: =H937-H928 -> -0.31666667 | K937: =1/(1+EXP(H937*K$2)) -> 0.58661758 | L937: =1-K937 -> 0.41338242 | M937: =MIN(C925:C937)-C937 -> -0.35 | N937: =MAX(C925:C937)-C937 -> 0 | O937: =L937*M937+K937*N937 -> -0.14468385 | Q937: =MAX(B913:B937)-B937 -> 0.1 | R937: =B937-MIN(B913:B937)-B937 -> -3.7 | S937: =MAX(F937,0) -> 0 | T937: =MIN(F937,0) -> -0.15 | U937: =T937/(1+EXP(-Q937*Q$21)) -> -0.076874609 | V937: =S937/(1+EXP(R937*Q$21)) -> 0 | W937: =V937+U937 -> -0.076874609
A938: 46023 | B938: 4.3 | C938: =AVERAGE(B936:B938) -> 4.4 | D938: =MEDIAN(B818:B938) -> 4.1 | E938: =AVERAGE(F938:G938) -> -0.05 | F938: =MEDIAN(B933:B935)-MEDIAN(B936:B938) -> -0.05 | G938: =C935-C938 -> -0.05 | H938: =D938-C938 -> -0.3 | I938: =H938-H929 -> -0.2 | K938: =1/(1+EXP(H938*K$2)) -> 0.57444252 | L938: =1-K938 -> 0.42555748 | M938: =MIN(C926:C938)-C938 -> -0.3 | N938: =MAX(C926:C938)-C938 -> 0.05 | O938: =L938*M938+K938*N938 -> -0.098945119 | Q938: =MAX(B914:B938)-B938 -> 0.2 | R938: =B938-MIN(B914:B938)-B938 -> -3.7 | S938: =MAX(F938,0) -> 0 | T938: =MIN(F938,0) -> -0.05 | U938: =T938/(1+EXP(-Q938*Q$21)) -> -0.026248959 | V938: =S938/(1+EXP(R938*Q$21)) -> 0 | W938: =V938+U938 -> -0.026248959
A939: 46054 | B939: 4.4 | C939: =AVERAGE(B937:B939) -> 4.3666667 | D939: =MEDIAN(B819:B939) -> 4.1 | E939: =AVERAGE(F939:G939) -> 0.066666667 | F939: =MEDIAN(B934:B936)-MEDIAN(B937:B939) -> 0.05 | G939: =C936-C939 -> 0.083333333 | H939: =D939-C939 -> -0.26666667 | I939: =H939-H930 -> -0.13333333 | K939: =1/(1+EXP(H939*K$2)) -> 0.56627439 | L939: =1-K939 -> 0.43372561 | M939: =MIN(C927:C939)-C939 -> -0.26666667 | N939: =MAX(C927:C939)-C939 -> 0.083333333 | O939: =L939*M939+K939*N939 -> -0.068470629 | Q939: =MAX(B915:B939)-B939 -> 0.1 | R939: =B939-MIN(B915:B939)-B939 -> -3.9 | S939: =MAX(F939,0) -> 0.05 | T939: =MIN(F939,0) -> 0 | U939: =T939/(1+EXP(-Q939*Q$21)) -> 0 | V939: =S939/(1+EXP(R939*Q$21)) -> 0.043772332 | W939: =V939+U939 -> 0.043772332
A940: 46082 | B940: 4.3 | C940: =AVERAGE(B938:B940) -> 4.3333333 | D940: =MEDIAN(B820:B940) -> 4.1 | E940: =AVERAGE(F940:G940) -> 0.13333333 | F940: =MEDIAN(B935:B937)-MEDIAN(B938:B940) -> 0.15 | G940: =C937-C940 -> 0.11666667 | H940: =D940-C940 -> -0.23333333 | I940: =H940-H931 -> -0.13333333 | K940: =1/(1+EXP(H940*K$2)) -> 0.55807011 | L940: =1-K940 -> 0.44192989 | M940: =MIN(C928:C940)-C940 -> -0.2 | N940: =MAX(C928:C940)-C940 -> 0.11666667 | O940: =L940*M940+K940*N940 -> -0.0232778 | Q940: =MAX(B916:B940)-B940 -> 0.2 | R940: =B940-MIN(B916:B940)-B940 -> -3.9 | S940: =MAX(F940,0) -> 0.15 | T940: =MIN(F940,0) -> 0 | U940: =T940/(1+EXP(-Q940*Q$21)) -> 0 | V940: =S940/(1+EXP(R940*Q$21)) -> 0.131317 | W940: =V940+U940 -> 0.131317
A941: 46113 | B941: 4.3 | C941: =AVERAGE(B939:B941) -> 4.3333333 | D941: =MEDIAN(B821:B941) -> 4.1 | E941: =AVERAGE(F941:G941) -> 0.083333333 | F941: =MEDIAN(B936:B938)-MEDIAN(B939:B941) -> 0.1 | G941: =C938-C941 -> 0.066666667 | H941: =D941-C941 -> -0.23333333 | I941: =H941-H932 -> -0.1 | K941: =1/(1+EXP(H941*K$2)) -> 0.55807011 | L941: =1-K941 -> 0.44192989 | M941: =MIN(C929:C941)-C941 -> -0.13333333 | N941: =MAX(C929:C941)-C941 -> 0.11666667 | O941: =L941*M941+K941*N941 -> 0.0061841931 | Q941: =MAX(B917:B941)-B941 -> 0.2 | R941: =B941-MIN(B917:B941)-B941 -> -3.9 | S941: =MAX(F941,0) -> 0.1 | T941: =MIN(F941,0) -> 0 | U941: =T941/(1+EXP(-Q941*Q$21)) -> 0 | V941: =S941/(1+EXP(R941*Q$21)) -> 0.087544664 | W941: =V941+U941 -> 0.087544664

Sheet Inflation
A1: observation_date | B1: CPIAUCSL | C1: CPILFESL | D1: TB3MS | E1: DGS10 | G1: CPI YoY | H1: Core YoY | I1: CPI 6m6m | J1: Core 6m6m | K1: avg | N1: adj | O1: CPI YoY | P1: Core YoY | Q1: CPI 6m6m | R1: Core 6m6m | S1: avg
A2: 17168 | B2: 21.48 | D2: 0.38
A3: 17199 | B3: 21.62 | D3: 0.38
A4: 17227 | B4: 22 | D4: 0.38
A5: 17258 | B5: 22 | D5: 0.38
A6: 17288 | B6: 21.95 | D6: 0.38
A7: 17319 | B7: 22.08 | D7: 0.38
A8: 17349 | B8: 22.23 | D8: 0.66
A9: 17380 | B9: 22.4 | D9: 0.75
A10: 17411 | B10: 22.84 | D10: 0.8
A11: 17441 | B11: 22.91 | D11: 0.85
A12: 17472 | B12: 23.06 | D12: 0.92
A13: 17502 | B13: 23.41 | D13: 0.95
... A121: 20790 | B121: 27.63 | D121: 3.21
A122: 20821 | B122: 27.67 | C122: 28.5 | D122: 3.11
A123: 20852 | B123: 27.8 | C123: 28.6 | D123: 3.1
A124: 20880 | B124: 27.86 | C124: 28.7 | D124: 3.08
A125: 20911 | B125: 27.93 | C125: 28.8 | D125: 3.07
A126: 20941 | B126: 28 | C126: 28.8 | D126: 3.06
A127: 20972 | B127: 28.11 | C127: 28.9 | D127: 3.29
A128: 21002 | B128: 28.19 | C128: 29 | D128: 3.16
A129: 21033 | B129: 28.28 | C129: 29 | D129: 3.37
A130: 21064 | B130: 28.32 | C130: 29.1 | D130: 3.53
A131: 21094 | B131: 28.32 | C131: 29.2 | D131: 3.58
A132: 21125 | B132: 28.41 | C132: 29.3 | D132: 3.31
A133: 21155 | B133: 28.47 | C133: 29.3 | D133: 3.04
A134: 21186 | B134: 28.64 | C134: 29.3 | D134: 2.44 | G134: =B134/B122-1 -> 0.035056017 | H134: =C134/C122-1 -> 0.028070175 | I134: =(AVERAGE(B129:B134)/AVERAGE(B123:B128))^2 -1 -> 0.030607724 | J134: =(AVERAGE(C129:C134)/AVERAGE(C123:C128))^2 -1 -> 0.027970679 | K134: =AVERAGE(G134:J134) -> 0.030426149
A135: 21217 | B135: 28.7 | C135: 29.4 | D135: 1.53 | G135: =B135/B123-1 -> 0.032374101 | H135: =C135/C123-1 -> 0.027972028 | I135: =(AVERAGE(B130:B135)/AVERAGE(B124:B129))^2 -1 -> 0.029796426 | J135: =(AVERAGE(C130:C135)/AVERAGE(C124:C129))^2 -1 -> 0.027905637 | K135: =AVERAGE(G135:J135) -> 0.029512048
A136: 21245 | B136: 28.87 | C136: 29.5 | D136: 1.3 | G136: =B136/B124-1 -> 0.036252692 | H136: =C136/C124-1 -> 0.027874564 | I136: =(AVERAGE(B131:B136)/AVERAGE(B125:B130))^2 -1 -> 0.030796817 | J136: =(AVERAGE(C131:C136)/AVERAGE(C125:C130))^2 -1 -> 0.027840897 | K136: =AVERAGE(G136:J136) -> 0.030691243
A137: 21276 | B137: 28.94 | C137: 29.5 | D137: 1.13 | G137: =B137/B125-1 -> 0.036161833 | H137: =C137/C125-1 -> 0.024305556 | I137: =(AVERAGE(B132:B137)/AVERAGE(B126:B131))^2 -1 -> 0.03348695 | J137: =(AVERAGE(C132:C137)/AVERAGE(C126:C131))^2 -1 -> 0.026611507 | K137: =AVERAGE(G137:J137) -> 0.030141462
A138: 21306 | B138: 28.94 | C138: 29.5 | D138: 0.91 | G138: =B138/B126-1 -> 0.033571429 | H138: =C138/C126-1 -> 0.024305556 | I138: =(AVERAGE(B133:B138)/AVERAGE(B127:B132))^2 -1 -> 0.034844129 | J138: =(AVERAGE(C133:C138)/AVERAGE(C127:C132))^2 -1 -> 0.023053998 | K138: =AVERAGE(G138:J138) -> 0.028943778
A139: 21337 | B139: 28.91 | C139: 29.6 | D139: 0.83 | G139: =B139/B127-1 -> 0.028459623 | H139: =C139/C127-1 -> 0.024221453 | I139: =(AVERAGE(B134:B139)/AVERAGE(B128:B133))^2 -1 -> 0.035727383 | J139: =(AVERAGE(C134:C139)/AVERAGE(C128:C133))^2 -1 -> 0.021844713 | K139: =AVERAGE(G139:J139) -> 0.027563293
A140: 21367 | B140: 28.89 | C140: 29.6 | D140: 0.91 | G140: =B140/B128-1 -> 0.024831501 | H140: =C140/C128-1 -> 0.020689655 | I140: =(AVERAGE(B135:B140)/AVERAGE(B129:B134))^2 -1 -> 0.033245293 | J140: =(AVERAGE(C135:C140)/AVERAGE(C129:C134))^2 -1 -> 0.021807106 | K140: =AVERAGE(G140:J140) -> 0.025143389 | L140: =K140-K137 -> -0.0049980729
A141: 21398 | B141: 28.94 | C141: 29.6 | D141: 1.69 | G141: =B141/B129-1 -> 0.023338048 | H141: =C141/C129-1 -> 0.020689655 | I141: =(AVERAGE(B136:B141)/AVERAGE(B130:B135))^2 -1 -> 0.031022374 | J141: =(AVERAGE(C136:C141)/AVERAGE(C130:C135))^2 -1 -> 0.01945591 | K141: =AVERAGE(G141:J141) -> 0.023626497 | L141: =K141-K138 -> -0.0053172808
A142: 21429 | B142: 28.91 | C142: 29.7 | D142: 2.44 | G142: =B142/B130-1 -> 0.020833333 | H142: =C142/C130-1 -> 0.020618557 | I142: =(AVERAGE(B137:B142)/AVERAGE(B131:B136))^2 -1 -> 0.024888981 | J142: =(AVERAGE(C137:C142)/AVERAGE(C131:C136))^2 -1 -> 0.017118091 | K142: =AVERAGE(G142:J142) -> 0.020864741 | L142: =K142-K139 -> -0.0066985526
A143: 21459 | B143: 28.91 | C143: 29.7 | D143: 2.63 | G143: =B143/B131-1 -> 0.020833333 | H143: =C143/C131-1 -> 0.017123288 | I143: =(AVERAGE(B138:B143)/AVERAGE(B132:B137))^2 -1 -> 0.01716306 | J143: =(AVERAGE(C138:C143)/AVERAGE(C132:C137))^2 -1 -> 0.015945079 | K143: =AVERAGE(G143:J143) -> 0.01776619 | L143: =K143-K140 -> -0.0073771988
A144: 21490 | B144: 28.95 | C144: 29.8 | D144: 2.67 | G144: =B144/B132-1 -> 0.019007392 | H144: =C144/C132-1 -> 0.017064846 | I144: =(AVERAGE(B139:B144)/AVERAGE(B133:B138))^2 -1 -> 0.011040972 | J144: =(AVERAGE(C139:C144)/AVERAGE(C133:C138))^2 -1 -> 0.017069393 | K144: =AVERAGE(G144:J144) -> 0.016045651 | L144: =K144-K141 -> -0.0075808462
A145: 21520 | B145: 28.97 | C145: 29.9 | D145: 2.77 | G145: =B145/B133-1 -> 0.017562346 | H145: =C145/C133-1 -> 0.020477816 | I145: =(AVERAGE(B140:B145)/AVERAGE(B134:B139))^2 -1 -> 0.0066004511 | J145: =(AVERAGE(C140:C145)/AVERAGE(C134:C139))^2 -1 -> 0.017040307 | K145: =AVERAGE(G145:J145) -> 0.01542023 | L145: =K145-K142 -> -0.0054445106
A146: 21551 | B146: 29.01 | C146: 29.9 | D146: 2.82 | G146: =B146/B134-1 -> 0.012918994 | H146: =C146/C134-1 -> 0.020477816 | I146: =(AVERAGE(B141:B146)/AVERAGE(B135:B140))^2 -1 -> 0.0050858151 | J146: =(AVERAGE(C141:C146)/AVERAGE(C135:C140))^2 -1 -> 0.01701132 | K146: =AVERAGE(G146:J146) -> 0.013873486 | L146: =K146-K143 -> -0.0038927038
A147: 21582 | B147: 29 | C147: 29.9 | D147: 2.7 | G147: =B147/B135-1 -> 0.010452962 | H147: =C147/C135-1 -> 0.017006803 | I147: =(AVERAGE(B142:B147)/AVERAGE(B136:B141))^2 -1 -> 0.0029995368 | J147: =(AVERAGE(C142:C147)/AVERAGE(C136:C141))^2 -1 -> 0.018129942 | K147: =AVERAGE(G147:J147) -> 0.012147311 | L147: =K147-K144 -> -0.0038983398
A148: 21610 | B148: 28.97 | C148: 30 | D148: 2.8 | G148: =B148/B136-1 -> 0.0034638033 | H148: =C148/C136-1 -> 0.016949153 | I148: =(AVERAGE(B143:B148)/AVERAGE(B137:B142))^2 -1 -> 0.0032297113 | J148: =(AVERAGE(C143:C148)/AVERAGE(C137:C142))^2 -1 -> 0.019246657 | K148: =AVERAGE(G148:J148) -> 0.010722331 | L148: =K148-K145 -> -0.0046978989
A149: 21641 | B149: 28.98 | C149: 30 | D149: 2.95 | G149: =B149/B137-1 -> 0.00138217 | H149: =C149/C137-1 -> 0.016949153 | I149: =(AVERAGE(B144:B149)/AVERAGE(B138:B143))^2 -1 -> 0.0043852004 | J149: =(AVERAGE(C144:C149)/AVERAGE(C138:C143))^2 -1 -> 0.020361469 | K149: =AVERAGE(G149:J149) -> 0.010769498 | L149: =K149-K146 -> -0.0031039883
A150: 21671 | B150: 29.04 | C150: 30.1 | D150: 2.84 | G150: =B150/B138-1 -> 0.003455425 | H150: =C150/C138-1 -> 0.020338983 | I150: =(AVERAGE(B145:B150)/AVERAGE(B139:B144))^2 -1 -> 0.0053093166 | J150: =(AVERAGE(C145:C150)/AVERAGE(C139:C144))^2 -1 -> 0.020326979 | K150: =AVERAGE(G150:J150) -> 0.012357676 | L150: =K150-K147 -> 0.00021036497
A151: 21702 | B151: 29.11 | C151: 30.2 | D151: 3.21 | G151: =B151/B139-1 -> 0.0069180214 | H151: =C151/C139-1 -> 0.02027027 | I151: =(AVERAGE(B146:B151)/AVERAGE(B140:B145))^2 -1 -> 0.0062319526 | J151: =(AVERAGE(C146:C151)/AVERAGE(C140:C145))^2 -1 -> 0.020292606 | K151: =AVERAGE(G151:J151) -> 0.013428213 | L151: =K151-K148 -> 0.0027058814
... A181: 22616 | B181: 30.01 | C181: 31.2 | D181: 2.6 | G181: =B181/B169-1 -> 0.006709158 | H181: =C181/C169-1 -> 0.016286645 | I181: =(AVERAGE(B176:B181)/AVERAGE(B170:B175))^2 -1 -> 0.0089580203 | J181: =(AVERAGE(C176:C181)/AVERAGE(C170:C175))^2 -1 -> 0.015167714 | K181: =AVERAGE(G181:J181) -> 0.011780384 | L181: =K181-K178 -> -1.4252629e-06
A182: 22647 | B182: 30.04 | C182: 31.2 | D182: 2.72 | E182: 4.08 | G182: =B182/B170-1 -> 0.0067024129 | H182: =C182/C170-1 -> 0.012987013 | I182: =(AVERAGE(B177:B182)/AVERAGE(B171:B176))^2 -1 -> 0.0094027579 | J182: =(AVERAGE(C177:C182)/AVERAGE(C171:C176))^2 -1 -> 0.015151299 | K182: =AVERAGE(G182:J182) -> 0.011060871 | L182: =K182-K179 -> 0.0015417976 | O182: =$E182/100-G182 -> 0.034097587 | P182: =$E182/100-H182 -> 0.027812987 | Q182: =$E182/100-I182 -> 0.031397242 | R182: =$E182/100-J182 -> 0.025648701 | S182: =AVERAGE(O182:R182) -> 0.029739129
A183: 22678 | B183: 30.11 | C183: 31.2 | D183: 2.73 | E183: 4.04 | G183: =B183/B171-1 -> 0.0090482574 | H183: =C183/C171-1 -> 0.012987013 | I183: =(AVERAGE(B178:B183)/AVERAGE(B172:B177))^2 -1 -> 0.010182607 | J183: =(AVERAGE(C178:C183)/AVERAGE(C172:C177))^2 -1 -> 0.012958828 | K183: =AVERAGE(G183:J183) -> 0.011294176 | L183: =K183-K180 -> 0.00045077359 | O183: =$E183/100-G183 -> 0.031351743 | P183: =$E183/100-H183 -> 0.027412987 | Q183: =$E183/100-I183 -> 0.030217393 | R183: =$E183/100-J183 -> 0.027441172 | S183: =AVERAGE(O183:R183) -> 0.029105824
A184: 22706 | B184: 30.17 | C184: 31.3 | D184: 2.72 | E184: 3.93 | G184: =B184/B172-1 -> 0.011058981 | H184: =C184/C172-1 -> 0.012944984 | I184: =(AVERAGE(B179:B184)/AVERAGE(B173:B178))^2 -1 -> 0.010735176 | J184: =(AVERAGE(C179:C184)/AVERAGE(C173:C178))^2 -1 -> 0.012944849 | K184: =AVERAGE(G184:J184) -> 0.011920998 | L184: =K184-K181 -> 0.00014061319 | O184: =$E184/100-G184 -> 0.028241019 | P184: =$E184/100-H184 -> 0.026355016 | Q184: =$E184/100-I184 -> 0.028564824 | R184: =$E184/100-J184 -> 0.026355151 | S184: =AVERAGE(O184:R184) -> 0.027379002
A185: 22737 | B185: 30.21 | C185: 31.3 | D185: 2.73 | E185: 3.84 | G185: =B185/B173-1 -> 0.013418316 | H185: =C185/C173-1 -> 0.012944984 | I185: =(AVERAGE(B180:B185)/AVERAGE(B174:B179))^2 -1 -> 0.011397193 | J185: =(AVERAGE(C180:C185)/AVERAGE(C174:C179))^2 -1 -> 0.0129309 | K185: =AVERAGE(G185:J185) -> 0.012672848 | L185: =K185-K182 -> 0.0016119774 | O185: =$E185/100-G185 -> 0.024981684 | P185: =$E185/100-H185 -> 0.025455016 | Q185: =$E185/100-I185 -> 0.027002807 | R185: =$E185/100-J185 -> 0.0254691 | S185: =AVERAGE(O185:R185) -> 0.025727152
A186: 22767 | B186: 30.24 | C186: 31.4 | D186: 2.69 | E186: 3.87 | G186: =B186/B174-1 -> 0.013404826 | H186: =C186/C174-1 -> 0.01618123 | I186: =(AVERAGE(B181:B186)/AVERAGE(B175:B180))^2 -1 -> 0.012732323 | J186: =(AVERAGE(C181:C186)/AVERAGE(C175:C180))^2 -1 -> 0.011831035 | K186: =AVERAGE(G186:J186) -> 0.013537353 | L186: =K186-K183 -> 0.0022431768 | O186: =$E186/100-G186 -> 0.025295174 | P186: =$E186/100-H186 -> 0.02251877 | Q186: =$E186/100-I186 -> 0.025967677 | R186: =$E186/100-J186 -> 0.026868965 | S186: =AVERAGE(O186:R186) -> 0.025162647
A187: 22798 | B187: 30.21 | C187: 31.4 | D187: 2.73 | E187: 3.91 | G187: =B187/B175-1 -> 0.012399464 | H187: =C187/C175-1 -> 0.012903226 | I187: =(AVERAGE(B182:B187)/AVERAGE(B176:B181))^2 -1 -> 0.013056076 | J187: =(AVERAGE(C182:C187)/AVERAGE(C176:C181))^2 -1 -> 0.011818323 | K187: =AVERAGE(G187:J187) -> 0.012544272 | L187: =K187-K184 -> 0.00062327471 | O187: =$E187/100-G187 -> 0.026700536 | P187: =$E187/100-H187 -> 0.026196774 | Q187: =$E187/100-I187 -> 0.026043924 | R187: =$E187/100-J187 -> 0.027281677 | S187: =AVERAGE(O187:R187) -> 0.026555728
A188: 22828 | B188: 30.22 | C188: 31.4 | D188: 2.92 | E188: 4.01 | G188: =B188/B176-1 -> 0.010026738 | H188: =C188/C176-1 -> 0.012903226 | I188: =(AVERAGE(B183:B188)/AVERAGE(B177:B182))^2 -1 -> 0.013718714 | J188: =(AVERAGE(C183:C188)/AVERAGE(C177:C182))^2 -1 -> 0.01180564 | K188: =AVERAGE(G188:J188) -> 0.012113579 | L188: =K188-K185 -> -0.00055926876 | O188: =$E188/100-G188 -> 0.030073262 | P188: =$E188/100-H188 -> 0.027196774 | Q188: =$E188/100-I188 -> 0.026381286 | R188: =$E188/100-J188 -> 0.02829436 | S188: =AVERAGE(O188:R188) -> 0.027986421
A189: 22859 | B189: 30.28 | C189: 31.5 | D189: 2.82 | E189: 3.98 | G189: =B189/B177-1 -> 0.011356045 | H189: =C189/C177-1 -> 0.012861736 | I189: =(AVERAGE(B184:B189)/AVERAGE(B178:B183))^2 -1 -> 0.013705721 | J189: =(AVERAGE(C184:C189)/AVERAGE(C178:C183))^2 -1 -> 0.013952072 | K189: =AVERAGE(G189:J189) -> 0.012968894 | L189: =K189-K186 -> -0.00056845958 | O189: =$E189/100-G189 -> 0.028443955 | P189: =$E189/100-H189 -> 0.026938264 | Q189: =$E189/100-I189 -> 0.026094279 | R189: =$E189/100-J189 -> 0.025847928 | S189: =AVERAGE(O189:R189) -> 0.026831106
A190: 22890 | B190: 30.42 | C190: 31.5 | D190: 2.78 | E190: 3.98 | G190: =B190/B178-1 -> 0.014676451 | H190: =C190/C178-1 -> 0.012861736 | I190: =(AVERAGE(B185:B190)/AVERAGE(B179:B184))^2 -1 -> 0.014361474 | J190: =(AVERAGE(C185:C190)/AVERAGE(C179:C184))^2 -1 -> 0.013937114 | K190: =AVERAGE(G190:J190) -> 0.013959194 | L190: =K190-K187 -> 0.0014149216 | O190: =$E190/100-G190 -> 0.025123549 | P190: =$E190/100-H190 -> 0.026938264 | Q190: =$E190/100-I190 -> 0.025438526 | R190: =$E190/100-J190 -> 0.025862886 | S190: =AVERAGE(O190:R190) -> 0.025840806
A191: 22920 | B191: 30.38 | C191: 31.5 | D191: 2.74 | E191: 3.93 | G191: =B191/B179-1 -> 0.013342228 | H191: =C191/C179-1 -> 0.012861736 | I191: =(AVERAGE(B186:B191)/AVERAGE(B180:B185))^2 -1 -> 0.013673725 | J191: =(AVERAGE(C186:C191)/AVERAGE(C180:C185))^2 -1 -> 0.013922189 | K191: =AVERAGE(G191:J191) -> 0.013449969 | L191: =K191-K188 -> 0.00133639 | O191: =$E191/100-G191 -> 0.025957772 | P191: =$E191/100-H191 -> 0.026438264 | Q191: =$E191/100-I191 -> 0.025626275 | R191: =$E191/100-J191 -> 0.025377811 | S191: =AVERAGE(O191:R191) -> 0.025850031
A192: 22951 | B192: 30.38 | C192: 31.5 | D192: 2.83 | E192: 3.92 | G192: =B192/B180-1 -> 0.013342228 | H192: =C192/C180-1 -> 0.0096153846 | I192: =(AVERAGE(B187:B192)/AVERAGE(B181:B186))^2 -1 -> 0.01231782 | J192: =(AVERAGE(C187:C192)/AVERAGE(C181:C186))^2 -1 -> 0.012834093 | K192: =AVERAGE(G192:J192) -> 0.012027381 | L192: =K192-K189 -> -0.00094151215 | O192: =$E192/100-G192 -> 0.025857772 | P192: =$E192/100-H192 -> 0.029584615 | Q192: =$E192/100-I192 -> 0.02688218 | R192: =$E192/100-J192 -> 0.026365907 | S192: =AVERAGE(O192:R192) -> 0.027172619
A193: 22981 | B193: 30.38 | C193: 31.6 | D193: 2.87 | E193: 3.86 | G193: =B193/B181-1 -> 0.012329224 | H193: =C193/C181-1 -> 0.012820513 | I193: =(AVERAGE(B188:B193)/AVERAGE(B182:B187))^2 -1 -> 0.011970632 | J193: =(AVERAGE(C188:C193)/AVERAGE(C182:C187))^2 -1 -> 0.012820382 | K193: =AVERAGE(G193:J193) -> 0.012485187 | L193: =K193-K190 -> -0.0014740064 | O193: =$E193/100-G193 -> 0.026270776 | P193: =$E193/100-H193 -> 0.025779487 | Q193: =$E193/100-I193 -> 0.026629368 | R193: =$E193/100-J193 -> 0.025779618 | S193: =AVERAGE(O193:R193) -> 0.026114813
... A946: 45901 | B946: 324.245 | C946: 330.418 | D946: 3.92 | E946: 4.12 | G946: =B946/B934-1 -> 0.030225716 | H946: =C946/C934-1 -> 0.030199668 | I946: =(AVERAGE(B941:B946)/AVERAGE(B935:B940))^2 -1 -> 0.025179225 | J946: =(AVERAGE(C941:C946)/AVERAGE(C935:C940))^2 -1 -> 0.027329902 | K946: =AVERAGE(G946:J946) -> 0.028233628 | L946: =K946-K943 -> -0.0011509728 | O946: =$E946/100-G946 -> 0.010974284 | P946: =$E946/100-H946 -> 0.011000332 | Q946: =$E946/100-I946 -> 0.016020775 | R946: =$E946/100-J946 -> 0.013870098 | S946: =AVERAGE(O946:R946) -> 0.012966372
A947: 45931 | B947: =B946 -> 324.245 | C947: =C946 -> 330.418 | D947: 3.82 | E947: 4.06 | G947: =B947/B935-1 -> 0.027291362 | H947: =C947/C935-1 -> 0.027000817 | I947: =(AVERAGE(B942:B947)/AVERAGE(B936:B941))^2 -1 -> 0.02434684 | J947: =(AVERAGE(C942:C947)/AVERAGE(C936:C941))^2 -1 -> 0.026446385 | K947: =AVERAGE(G947:J947) -> 0.026271351 | L947: =K947-K944 -> -0.002564576 | O947: =$E947/100-G947 -> 0.013308638 | P947: =$E947/100-H947 -> 0.013599183 | Q947: =$E947/100-I947 -> 0.01625316 | R947: =$E947/100-J947 -> 0.014153615 | S947: =AVERAGE(O947:R947) -> 0.014328649
A948: 45962 | B948: 325.063 | C948: 331.043 | D948: 3.78 | E948: 4.09 | G948: =B948/B936-1 -> 0.026964439 | H948: =C948/C936-1 -> 0.025990448 | I948: =(AVERAGE(B943:B948)/AVERAGE(B937:B942))^2 -1 -> 0.024665218 | J948: =(AVERAGE(C943:C948)/AVERAGE(C937:C942))^2 -1 -> 0.026299384 | K948: =AVERAGE(G948:J948) -> 0.025979872 | L948: =K948-K945 -> -0.0025257248 | O948: =$E948/100-G948 -> 0.013935561 | P948: =$E948/100-H948 -> 0.014909552 | Q948: =$E948/100-I948 -> 0.016234782 | R948: =$E948/100-J948 -> 0.014600616 | S948: =AVERAGE(O948:R948) -> 0.014920128
A949: 45992 | B949: 326.031 | C949: 331.814 | D949: 3.59 | E949: 4.14 | G949: =B949/B937-1 -> 0.026533041 | H949: =C949/C937-1 -> 0.026464847 | I949: =(AVERAGE(B944:B949)/AVERAGE(B938:B943))^2 -1 -> 0.025422177 | J949: =(AVERAGE(C944:C949)/AVERAGE(C938:C943))^2 -1 -> 0.025988293 | K949: =AVERAGE(G949:J949) -> 0.02610209 | L949: =K949-K946 -> -0.0021315381 | O949: =$E949/100-G949 -> 0.014866959 | P949: =$E949/100-H949 -> 0.014935153 | Q949: =$E949/100-I949 -> 0.015977823 | R949: =$E949/100-J949 -> 0.015411707 | S949: =AVERAGE(O949:R949) -> 0.01529791
A950: 46023 | B950: 326.588 | C950: 332.793 | D950: 3.57 | E950: 4.21 | G950: =B950/B938-1 -> 0.023912014 | H950: =C950/C938-1 -> 0.025120288 | I950: =(AVERAGE(B945:B950)/AVERAGE(B939:B944))^2 -1 -> 0.026654637 | J950: =(AVERAGE(C945:C950)/AVERAGE(C939:C944))^2 -1 -> 0.026003572 | K950: =AVERAGE(G950:J950) -> 0.025422628 | L950: =K950-K947 -> -0.00084872344 | O950: =$E950/100-G950 -> 0.018187986 | P950: =$E950/100-H950 -> 0.016979712 | Q950: =$E950/100-I950 -> 0.015445363 | R950: =$E950/100-J950 -> 0.016096428 | S950: =AVERAGE(O950:R950) -> 0.016677372
A951: 46054 | B951: 327.46 | C951: 333.512 | D951: 3.6 | E951: 4.13 | G951: =B951/B939-1 -> 0.024340041 | H951: =C951/C939-1 -> 0.024724625 | I951: =(AVERAGE(B946:B951)/AVERAGE(B940:B945))^2 -1 -> 0.027190003 | J951: =(AVERAGE(C946:C951)/AVERAGE(C940:C945))^2 -1 -> 0.025511155 | K951: =AVERAGE(G951:J951) -> 0.025441456 | L951: =K951-K948 -> -0.00053841628 | O951: =$E951/100-G951 -> 0.016959959 | P951: =$E951/100-H951 -> 0.016575375 | Q951: =$E951/100-I951 -> 0.014109997 | R951: =$E951/100-J951 -> 0.015788845 | S951: =AVERAGE(O951:R951) -> 0.015858544
A952: 46082 | B952: 330.293 | C952: 334.165 | D952: 3.61 | E952: 4.25 | G952: =B952/B940-1 -> 0.032859578 | H952: =C952/C940-1 -> 0.026021677 | I952: =(AVERAGE(B947:B952)/AVERAGE(B941:B946))^2 -1 -> 0.028793479 | J952: =(AVERAGE(C947:C952)/AVERAGE(C941:C946))^2 -1 -> 0.02444116 | K952: =AVERAGE(G952:J952) -> 0.028028973 | L952: =K952-K949 -> 0.0019268837 | O952: =$E952/100-G952 -> 0.0096404225 | P952: =$E952/100-H952 -> 0.016478323 | Q952: =$E952/100-I952 -> 0.013706521 | R952: =$E952/100-J952 -> 0.01805884 | S952: =AVERAGE(O952:R952) -> 0.014471027
A953: 46113 | B953: 332.407 | C953: 335.423 | D953: 3.61 | E953: 4.32 | G953: =B953/B941-1 -> 0.037792458 | H953: =C953/C941-1 -> 0.027433094 | I953: =(AVERAGE(B948:B953)/AVERAGE(B942:B947))^2 -1 -> 0.033159806 | J953: =(AVERAGE(C948:C953)/AVERAGE(C942:C947))^2 -1 -> 0.025473179 | K953: =AVERAGE(G953:J953) -> 0.030964634 | L953: =K953-K950 -> 0.0055420067 | O953: =$E953/100-G953 -> 0.0054075416 | P953: =$E953/100-H953 -> 0.015766906 | Q953: =$E953/100-I953 -> 0.010040194 | R953: =$E953/100-J953 -> 0.017726821 | S953: =AVERAGE(O953:R953) -> 0.012235366
D954: 3.6 | E954: 4.48

Sheet Commodity
A1: observation_date | B1: WPSID62_PCEPILFE
A2: 21551 | B2: 2.03858
A3: 21582 | B3: 2.02411
A4: 21610 | B4: 2.0282
A5: 21641 | B5: 2.03597
A6: 21671 | B6: 2.02066
A7: 21702 | B7: 2.00192
A8: 21732 | B8: 1.97805
A9: 21763 | B9: 1.95579
A10: 21794 | B10: 1.9634
A11: 21824 | B11: 1.94735
A12: 21855 | B12: 1.93111
A13: 21885 | B13: 1.91554
... A61: 23346 | B61: 1.76111
A62: 23377 | B62: 1.78262 | D62: =MEDIAN(B2:B62) -> 1.87869 | E62: =AVERAGE(B56:B62) -> 1.7937929 | F62: =E62-D62 -> -0.084897143
A63: 23408 | B63: 1.75533 | D63: =MEDIAN(B3:B63) -> 1.87771 | E63: =AVERAGE(B57:B63) -> 1.7859586 | F63: =E63-D63 -> -0.091751429
A64: 23437 | B64: 1.75962 | D64: =MEDIAN(B4:B64) -> 1.87723 | E64: =AVERAGE(B58:B64) -> 1.7798314 | F64: =E64-D64 -> -0.097398571
A65: 23468 | B65: 1.75805 | D65: =MEDIAN(B5:B65) -> 1.87554 | E65: =AVERAGE(B59:B65) -> 1.7748043 | F65: =E65-D65 -> -0.10073571
A66: 23498 | B66: 1.75063 | D66: =MEDIAN(B6:B66) -> 1.87117 | E66: =AVERAGE(B60:B66) -> 1.7684286 | F66: =E66-D66 -> -0.10274143
A67: 23529 | B67: 1.72557 | D67: =MEDIAN(B7:B67) -> 1.87106 | E67: =AVERAGE(B61:B67) -> 1.7561329 | F67: =E67-D67 -> -0.11492714
A68: 23559 | B68: 1.73572 | D68: =MEDIAN(B8:B68) -> 1.87049 | E68: =AVERAGE(B62:B68) -> 1.7525057 | F68: =E68-D68 -> -0.11798429 | G68: =F68-F62 -> -0.033087143
A69: 23590 | B69: 1.74533 | D69: =MEDIAN(B9:B69) -> 1.86623 | E69: =AVERAGE(B63:B69) -> 1.7471786 | F69: =E69-D69 -> -0.11905143 | G69: =F69-F63 -> -0.0273
A70: 23621 | B70: 1.78614 | D70: =MEDIAN(B10:B70) -> 1.86397 | E70: =AVERAGE(B64:B70) -> 1.75158 | F70: =E70-D70 -> -0.11239 | G70: =F70-F64 -> -0.014991429
A71: 23651 | B71: 1.7676 | D71: =MEDIAN(B11:B71) -> 1.86358 | E71: =AVERAGE(B65:B71) -> 1.75272 | F71: =E71-D71 -> -0.11086 | G71: =F71-F65 -> -0.010124286
A72: 23682 | B72: 1.77101 | D72: =MEDIAN(B12:B72) -> 1.86294 | E72: =AVERAGE(B66:B72) -> 1.7545714 | F72: =E72-D72 -> -0.10836857 | G72: =F72-F66 -> -0.0056271429
A73: 23712 | B73: 1.76258 | D73: =MEDIAN(B13:B73) -> 1.8576 | E73: =AVERAGE(B67:B73) -> 1.7562786 | F73: =E73-D73 -> -0.10132143 | G73: =F73-F67 -> 0.013605714
A74: 23743 | B74: 1.74247 | D74: =MEDIAN(B14:B74) -> 1.84629 | E74: =AVERAGE(B68:B74) -> 1.7586929 | F74: =E74-D74 -> -0.087597143 | G74: =F74-F68 -> 0.030387143
A75: 23774 | B75: 1.76401 | D75: =MEDIAN(B15:B75) -> 1.84484 | E75: =AVERAGE(B69:B75) -> 1.7627343 | F75: =E75-D75 -> -0.082105714 | G75: =F75-F69 -> 0.036945714
A76: 23802 | B76: 1.76887 | D76: =MEDIAN(B16:B76) -> 1.84368 | E76: =AVERAGE(B70:B76) -> 1.7660971 | F76: =E76-D76 -> -0.077582857 | G76: =F76-F70 -> 0.034807143
A77: 23833 | B77: 1.79034 | D77: =MEDIAN(B17:B77) -> 1.84183 | E77: =AVERAGE(B71:B77) -> 1.7666971 | F77: =E77-D77 -> -0.075132857 | G77: =F77-F71 -> 0.035727143
A78: 23863 | B78: 1.81059 | D78: =MEDIAN(B18:B78) -> 1.83958 | E78: =AVERAGE(B72:B78) -> 1.7728386 | F78: =E78-D78 -> -0.066741429 | G78: =F78-F72 -> 0.041627143
A79: 23894 | B79: 1.85806 | D79: =MEDIAN(B19:B79) -> 1.83958 | E79: =AVERAGE(B73:B79) -> 1.7852743 | F79: =E79-D79 -> -0.054305714 | G79: =F79-F73 -> 0.047015714
... A809: 46113 | B809: 2.31351 | D809: =MEDIAN(B749:B809) -> 2.12872 | E809: =AVERAGE(B803:B809) -> 2.0923371 | F809: =E809-D809 -> -0.036382857 | G809: =F809-F803 -> 0.090114286
